"","Underlying stock","5Y Credit Spread Bank","5Y Credit Spread Counterparty"
"2021-03-13",100.492892604716,0.0064725021989104,0.0104950525959614
"2021-03-20",102.965521993643,0.00734444128311466,0.0105066286263385
"2021-03-27",105.871554257454,0.00955739947413322,0.0119095710800712
"2021-04-03",106.637548339341,0.00959321143874168,0.0120667605252087
"2021-04-10",108.565458421451,0.00963010740522366,0.0124372067171174
"2021-04-17",111.093984450939,0.00995174472558294,0.0138859830307357
"2021-04-24",112.221041605861,0.00965656692378711,0.0148634698235585
"2021-05-01",110.992629979268,0.0114434124182646,0.0148470716238756
"2021-05-08",110.045202353871,0.00933802086966867,0.0147000483801498
"2021-05-15",109.909795163966,0.0106871970032128,0.0144803119205504
"2021-05-22",112.169206744249,0.0110422797883768,0.0159242874524645
"2021-05-29",111.107855479909,0.00988008518701482,0.0153486906418371
"2021-06-05",112.436907797484,0.00749893882079106,0.0146816920545151
"2021-06-12",112.528968189933,0.00812303380465344,0.0160620001395705
"2021-06-19",111.883184747984,0.00909265022491296,0.0158290945910922
"2021-06-26",110.440487778491,0.0105981161861759,0.0146523534930965
"2021-07-03",110.854090880558,0.0103623567128206,0.0143374059894462
"2021-07-10",111.876135519271,0.0102160355312423,0.0145842358074453
"2021-07-17",110.60359395205,0.0105647959544171,0.0146793277063874
"2021-07-24",111.180628456711,0.00971067547502374,0.0140262448831465
"2021-07-31",113.378620772875,0.00951474116270095,0.0140872854887115
"2021-08-07",111.97290406563,0.00784451104236609,0.0127472117283774
"2021-08-14",112.760823133739,0.00769694864187803,0.0120200839285536
"2021-08-21",113.226429847831,0.00854551112959853,0.0126453139619847
"2021-08-28",117.103169677422,0.00790405771767156,0.0140222463763085
"2021-09-04",118.440437653066,0.0078623202378528,0.0140061317219812
"2021-09-11",118.741926512072,0.00584003431848583,0.0146059071030434
"2021-09-18",117.16141431455,0.00411290819063679,0.0139622669981814
"2021-09-25",118.79248052557,0.00449192762343351,0.0142856716168131
"2021-10-02",117.706816317943,0.00403711743140495,0.0149244121654854
"2021-10-09",117.715695109945,0.0032638274765412,0.0158583769022709
"2021-10-16",119.530860231084,0.00415554159756571,0.0158149988823332
"2021-10-23",118.775421959771,0.0021333341208837,0.0156376350796979
"2021-10-30",117.414983213554,0.000979451508011063,0.0142377514968855
"2021-11-06",118.540052815091,0.00105729706988718,0.01328441289746
"2021-11-13",120.412690934337,0.00149500626666038,0.0132886949106165
"2021-11-20",119.437616270241,0.00136650930186997,0.0120959895076263
"2021-11-27",118.812028467543,0.00194569279981996,0.0126490945805725
"2021-12-04",121.576693347444,0.00289812723870136,0.0132547124046695
"2021-12-11",120.365005845194,0.00248015876945712,0.011363893107244
"2021-12-18",121.167387420124,0.00292974966058441,0.0110492715962631
"2021-12-25",123.039969312979,0.00187880301827572,0.0110918585497206
"2022-01-01",122.885267668877,0.00182564642072309,0.0120275078551394
"2022-01-08",122.10804294529,0.0005996353841213,0.0123253183708257
"2022-01-15",121.597758397806,0.000926638573889971,0.0117954785101443
"2022-01-22",120.10315922176,0.0010702432053406,0.0116622597984654
"2022-01-29",123.499539853663,0.000858661027609892,0.0124495696865104
"2022-02-05",124.177743075713,0.000899473957657447,0.0120667869067149
"2022-02-12",125.390496787678,0.000510406645647154,0.0117907491777133
"2022-02-19",124.084762919941,0.00108755901100969,0.0110614724994887
"2022-02-26",126.413629571068,0.000493004733986841,0.0110011483382572
"2022-03-05",125.310674196024,0.00107690328325858,0.0096389235180488
"2022-03-12",127.472793816959,0.00126595881023506,0.00996084056142159
"2022-03-19",127.270363715998,0.00239941603082222,0.011224054487952
"2022-03-26",127.500311304705,0.00160396240647276,0.0110263603595987
"2022-04-02",127.234524322503,0.0020866161104976,0.0110009692759177
"2022-04-09",129.450433909628,0.00128675848160037,0.0114835362200676
"2022-04-16",131.72121011687,0.00134983198576864,0.0112176314683504
"2022-04-23",131.895433708817,0.00178278065539532,0.0107932903100826
"2022-04-30",132.066637676498,0.00169094174552516,0.0105103266234083
"2022-05-07",130.518582458953,0.00179012963307575,0.00966786303227346
"2022-05-14",129.264536676852,0.00259039807741548,0.00969402634438015
"2022-05-21",130.35367180776,0.00308557558425999,0.0102206195891341
"2022-05-28",129.381325044504,0.00169762134903478,0.00967039933563753
"2022-06-04",127.660131583989,0.00205994867485036,0.00976292763008008
"2022-06-11",125.711861415666,0.00185401535068739,0.0100021210150106
"2022-06-18",126.799179853108,0.00338160346526505,0.0105355860411853
"2022-06-25",128.467732520747,0.00339189359676789,0.0114029867527628
"2022-07-02",128.305085629133,0.00336536709053255,0.00980041120090946
"2022-07-09",128.607888548157,0.00446067096109887,0.00970763856062897
"2022-07-16",128.453607723961,0.0045592003237315,0.00884365779084265
"2022-07-23",127.193572952591,0.00584164868831136,0.00814662836799567
"2022-07-30",127.647713468689,0.006634329384733,0.00871160223774248
"2022-08-06",128.428706059798,0.00598716323048633,0.00876430590192811
"2022-08-13",127.926773802779,0.00528882041753395,0.00846539855075877
"2022-08-20",123.135295031302,0.00691835721153835,0.00865082863291408
"2022-08-27",122.078955392885,0.00730792165488724,0.00834037605106539
"2022-09-03",121.955483956976,0.00772997675243331,0.00822314168652189
"2022-09-10",122.846279954845,0.00505748237145869,0.00769330469180625
"2022-09-17",122.063540715957,0.00391851152771157,0.00772454371563805
"2022-09-24",122.566108446873,0.00493480283373667,0.00770663790736434
"2022-10-01",122.459923341239,0.00571636462883245,0.00734459361826805
"2022-10-08",122.078436956259,0.00692969366308607,0.00801768701203516
"2022-10-15",123.759150007962,0.00609260475531387,0.00800703550931241
"2022-10-22",124.192329407452,0.00571508801167436,0.00729228276541065
"2022-10-29",125.452668586977,0.00607638384874606,0.00674405371158954
"2022-11-05",123.804535784294,0.00606385133322635,0.00670606543289578
"2022-11-12",125.598026442534,0.00509038963850256,0.00654458812176195
"2022-11-19",126.59361468493,0.00527962102494535,0.00701575695619508
"2022-11-26",127.057816756478,0.00639639627682795,0.0078095771900177
"2022-12-03",128.990908740859,0.00750245582885969,0.00772096868693071
"2022-12-10",126.283705381941,0.00764834767971669,0.00627929462096161
"2022-12-17",127.071550939513,0.00697417322390497,0.00676384689540208
"2022-12-24",129.504246603028,0.00584776942113794,0.00789173954844208
"2022-12-31",130.505783638177,0.00419952103849446,0.00786715429441331
"2023-01-07",135.032758400197,0.00540047864687081,0.00908329844490935
"2023-01-14",133.627556017189,0.00416515616095597,0.00866929595048185
"2023-01-21",131.098073313545,0.00331006924722539,0.00810123562691626
"2023-01-28",133.52072932446,0.00207321424733234,0.00833964623795856
"2023-02-04",132.203267700487,0.00197072646318009,0.00803172215807698
"2023-02-11",130.290296651167,0.00236320280727615,0.00769024967310244
"2023-02-18",129.220707350993,0.000994794500823166,0.0076288895318005
"2023-02-25",130.848383533366,0.00180282984004851,0.00839057279580014
"2023-03-04",130.583091187892,0.00188370292433587,0.00837884035704049
"2023-03-11",130.811416634265,0.00254056154714903,0.00833965126119805
"2023-03-18",130.003967017847,0.00180039848053547,0.00806751669105606
"2023-03-25",129.822123048263,0.00157899692143934,0.00796733961422607
"2023-04-01",130.026660689851,0.00205783252851247,0.00881026612386891
"2023-04-08",126.90745769822,0.00132118285234861,0.00920608903142075
"2023-04-15",128.679655455172,0.00161339027517495,0.00898982274162023
"2023-04-22",127.685186934556,0.00238574954626316,0.00985567531775096
"2023-04-29",130.69150335115,0.0035995823680575,0.0108583878953819
"2023-05-06",128.628093499891,0.00375831433264419,0.00976180628003076
"2023-05-13",127.568721898954,0.00477956375176857,0.0105891088674288
"2023-05-20",126.363876820601,0.00519145977601007,0.00982429933361175
"2023-05-27",126.543290612503,0.00608357310749841,0.0102472683463838
"2023-06-03",125.473149993484,0.00620010061590668,0.00966804739734027
"2023-06-10",124.618073243165,0.00534846614929852,0.00864941901867135
"2023-06-17",123.647955564328,0.00502209153591688,0.00892402183705831
"2023-06-24",126.158255007526,0.0061541597862409,0.00926317926059571
"2023-07-01",123.759170959826,0.00659808943400603,0.00783526245511628
"2023-07-08",123.394719035371,0.00556268653092631,0.00738198717865285
"2023-07-15",123.767394806711,0.0049779508542674,0.00730548854793684
"2023-07-22",122.569074310389,0.00550263907532652,0.00689486115477203
"2023-07-29",122.650466858074,0.00542965185683892,0.00670257862857899
"2023-08-05",120.088968807072,0.00469670790268186,0.00540367199662388
"2023-08-12",119.73906285811,0.00475332553613744,0.00529453090800415
"2023-08-19",117.801537719924,0.00648405561661077,0.00511955935156279
"2023-08-26",116.95842640714,0.00689239311264861,0.00440879600275886
"2023-09-02",116.962608666704,0.00652606126425694,0.00501868186959671
"2023-09-09",117.752969514947,0.00521908928692091,0.00521614236780839
"2023-09-16",117.091790897074,0.00551923307147667,0.00537589590053373
"2023-09-23",116.351478296295,0.00634696307503593,0.0053701114200002
"2023-09-30",118.45946266417,0.00390633194851453,0.0057563791603085
"2023-10-07",118.847681080834,0.00543362649925193,0.00590604518820903
"2023-10-14",117.028883817944,0.00558379350252548,0.00567891194554813
"2023-10-21",118.414676803047,0.00631047687120249,0.006033808908151
"2023-10-28",119.97989672992,0.00385735059548931,0.00558196311737905
"2023-11-04",122.704845949869,0.00267238651552158,0.0069680995451809
"2023-11-11",122.531738905273,0.00214176763893277,0.0070357854367878
"2023-11-18",124.75139699284,0.00169251023552494,0.00756580402733978
"2023-11-25",123.317321132856,0.0020948017367702,0.00682158480178537
"2023-12-02",124.076488176489,0.00201748985684963,0.0065350053374758
"2023-12-09",128.123899862725,0.00234337063535281,0.00742032446114277
"2023-12-16",126.842513419656,0.00186897257050962,0.00664113112658682
"2023-12-23",128.012850490605,0.00227036402785671,0.00702831010242433
"2023-12-30",126.849152461159,0.00358909173592304,0.00757912964535346
"2024-01-06",126.762439760474,0.00426251516537819,0.00796616834498038
"2024-01-13",128.972836047098,0.00497949379447353,0.00787483332143674
"2024-01-20",130.567204070873,0.00331081333615168,0.0076928452998338
"2024-01-27",126.919614294576,0.00296282181468368,0.00736599156367757
"2024-02-03",124.793076683766,0.00246724110970601,0.00766925026759798
"2024-02-10",123.274922096722,0.00261096077321132,0.00781674646136258
"2024-02-17",124.476246663043,0.00255050965088537,0.00698120491645539
"2024-02-24",125.999805763678,0.002462941014936,0.00704076544040346
"2024-03-02",125.370790131243,0.00318052425454071,0.00739923240858989
"2024-03-09",127.460429873347,0.00308814643833748,0.00740810074770754
"2024-03-16",127.759059192736,0.00353500515747635,0.00732234136607389
"2024-03-23",128.677727764663,0.00269024686734077,0.00780192645729288
"2024-03-30",128.266609278173,0.00304760560028688,0.00790158815558235
"2024-04-06",126.447337438671,0.00330622601368918,0.00777275352653704
"2024-04-13",126.766664741473,0.00155499154900042,0.00702301123000032
"2024-04-20",124.20642075636,0.00248553378610602,0.00703804521039744
"2024-04-27",124.309764933655,0.00215386200527709,0.0068211776246085
"2024-05-04",126.897469179655,0.00194782698715156,0.00667498531760592
"2024-05-11",127.61323661129,0.00334336325478409,0.00737300536495809
"2024-05-18",127.668809426981,0.00404606080805525,0.00750647579066424
"2024-05-25",124.424206717301,0.00404548845208305,0.00740690418586589
"2024-06-01",123.903230479379,0.00551677994955456,0.00835349160173632
"2024-06-08",124.890365709362,0.00410930909468395,0.00792195769663147
"2024-06-15",124.613764844487,0.00445759463694064,0.00815304851160617
"2024-06-22",126.14430345408,0.00583413231416361,0.00910176339746451
"2024-06-29",123.858207332923,0.00604923749653036,0.0087986438355681
"2024-07-06",122.258123142102,0.00516197081550088,0.00824310871443419
"2024-07-13",120.875389918992,0.00503416871050627,0.00763356963218791
"2024-07-20",122.048473157853,0.00465520968534966,0.00823829412888617
"2024-07-27",123.364297982782,0.00456436026275024,0.00836282822522713
"2024-08-03",120.66978271747,0.00438062193433743,0.00748306207009097
"2024-08-10",121.382708805904,0.00478065601727427,0.00839006016637343
"2024-08-17",122.881497639194,0.00426840794446693,0.00778595152492342
"2024-08-24",125.416101188049,0.00539470403768216,0.00880863364153357
"2024-08-31",125.298353766946,0.00350658119856624,0.00857310290751335
"2024-09-07",125.739208271231,0.00562647556690536,0.00882164624436931
"2024-09-14",127.276539099122,0.0051690381646934,0.00908868517526542
"2024-09-21",125.236594037551,0.00442814000271112,0.00934975545998223
"2024-09-28",127.139012877233,0.00494868197848276,0.00925644335963237
"2024-10-05",131.206495525333,0.00430996681900243,0.0111632281672839
"2024-10-12",132.847158646759,0.0048609040110013,0.0112299952915919
"2024-10-19",135.02068830499,0.00590934124690254,0.0113236911207062
"2024-10-26",136.627949512463,0.00631773619603969,0.0113125078898089
"2024-11-02",134.987694154813,0.00591956023840894,0.0106520398661122
"2024-11-09",132.990888506967,0.00446648527169506,0.0101456897809424
"2024-11-16",135.823059871332,0.00362754799705047,0.0106122153701615
"2024-11-23",136.114773784215,0.00171191206916737,0.0092558048969109
"2024-11-30",136.217900632422,0.00192083307554957,0.00919595599167801
"2024-12-07",137.297349299088,0.00198603701464533,0.00929236076310112
"2024-12-14",136.048299466935,0.002686763269259,0.00868847391198423
"2024-12-21",140.83172267359,0.00200900855619345,0.00947568619419624
"2024-12-28",143.474054699504,0.00149508274320398,0.00941037426369695
"2025-01-04",141.793432518008,0.000803643259572789,0.00858541884184523
"2025-01-11",140.837944214402,0.001308241977132,0.00783713451131902
"2025-01-18",138.765762333426,0.00153319221360748,0.00783936102108889
"2025-01-25",138.882012595114,0.00155642009070453,0.00834501217890653
"2025-02-01",138.127074863336,0.00183693678046032,0.0083527308794745
"2025-02-08",136.293476372063,0.00119952596667231,0.00758183569414856
"2025-02-15",136.147024681807,0.00103959415743514,0.00797363984027287
"2025-02-22",134.394144488458,0.000954526450088687,0.00730890181624249
"2025-03-01",135.823903165415,0.000977539307581691,0.00791566262991031
"2025-03-08",138.078505573308,0.000996740242437139,0.00847108874914815
"2025-03-15",138.255282549824,0.00116204437676047,0.00940018529056062
"2025-03-22",138.257422450208,0.00117553245276386,0.00948339917304972
"2025-03-29",138.691743703785,0.0020127171087394,0.009443153469354
"2025-04-05",135.434076881551,0.001335956160477,0.00875485536276652
"2025-04-12",134.713385965485,0.00189488850555226,0.00851619986730517
"2025-04-19",137.267648214756,0.00166844866996182,0.0080626064425026
"2025-04-26",139.883691394461,0.00274542699280364,0.00828197531170482
"2025-05-03",137.992380688405,0.00253720663038371,0.00830870077120242
"2025-05-10",137.027233924291,0.00309827531879613,0.00837483358943975
"2025-05-17",136.584881852322,0.00197617832606097,0.0073696923357228
"2025-05-24",141.630698512751,0.00222492704050714,0.00722671421910421
"2025-05-31",138.205778036914,0.00226933588458466,0.00672569113650888
"2025-06-07",138.679882234996,0.00312147531014353,0.00640875919597574
"2025-06-14",138.252995871886,0.00241299633425523,0.0068296265150668
"2025-06-21",136.36297866838,0.00290239090990467,0.00662059766250361
"2025-06-28",134.265179733946,0.00370301679457569,0.00556738646633737
"2025-07-05",132.928550771285,0.00451436628209707,0.00570073487161969
"2025-07-12",130.549537810448,0.00520074296228969,0.00531692984327483
"2025-07-19",127.794674687802,0.00580202184834962,0.00491191568844379
"2025-07-26",129.935022132745,0.00671812255855452,0.00544737233861356
"2025-08-02",131.071973131026,0.00790519012074389,0.00679070218948727
"2025-08-09",131.992559687869,0.00660247544257645,0.00674889329585106
"2025-08-16",132.08050120863,0.00663477717942382,0.00667217597684881
"2025-08-23",131.655743505349,0.0049954175583592,0.00670391584381037
"2025-08-30",133.676869658652,0.00538961015965868,0.00699384509465881
"2025-09-06",130.495172512609,0.00709286304382663,0.00681434815656239
"2025-09-13",132.906257733494,0.00645689951466875,0.00762187006888577
"2025-09-20",133.640150950841,0.00536433961259014,0.00692726931343942
"2025-09-27",132.149646428748,0.0036848085298685,0.00648251050278081
"2025-10-04",133.891743938172,0.00453001217521407,0.00740417129802038
"2025-10-11",133.066011719152,0.0033132289612203,0.00744548055101768
"2025-10-18",133.512017067371,0.00368188139495976,0.0073920984494111
"2025-10-25",136.131871466354,0.00221320866481043,0.00818190100291708
"2025-11-01",135.582535802448,0.000760516149186716,0.00820542014008033
"2025-11-08",136.169363866734,0.000714853380200992,0.00819200798627955
"2025-11-15",136.117794393452,0.000495509648123758,0.00819976248930244
"2025-11-22",134.624674172876,0.000829238331680963,0.00851767285215585
"2025-11-29",135.990421132629,0.000742791713684091,0.00881934326328596
"2025-12-06",137.089884870287,0.00076564520888416,0.00911849037507279
"2025-12-13",138.11499872822,0.00091219327293697,0.00893534811445459
"2025-12-20",140.8942528992,0.000993173315906482,0.00971176271310954
"2025-12-27",141.510281046031,0.00184481096112241,0.00940560885865982
"2026-01-03",140.887154205203,0.00155076116938104,0.00912042147654716
"2026-01-10",140.784534383303,0.00153813702942295,0.00912727349181791
"2026-01-17",140.760080627906,0.00191151549205082,0.00891953180735675
"2026-01-24",142.60678140443,0.00203068021261955,0.00969144358222183
"2026-01-31",141.460172250116,0.00185071833123781,0.00821516644191359
"2026-02-07",142.088051039104,0.00178582450968113,0.00775744770458574
"2026-02-14",141.092844673897,0.00217210965365695,0.00742249008612169
"2026-02-21",143.886972033915,0.00149806882454087,0.00765047131307388
"2026-02-28",139.092114417539,0.00165575914365718,0.006410511583714
