DATE,TIME PERIOD,"Government debt (consolidated), percent of GDP (GFS.Q.N.ES.W0.S13.S1.C.L.LE.GD.T._Z.XDC_R_B1GQ_CY._T.F.V.N._T)"
31/03/1999,1999Q1,61.977
30/06/1999,1999Q2,61.444
30/09/1999,1999Q3,60.155
31/12/1999,1999Q4,60.853
31/03/2000,2000Q1,59.652
30/06/2000,2000Q2,58.884
30/09/2000,2000Q3,58.198
31/12/2000,2000Q4,57.84
31/03/2001,2001Q1,56.455
30/06/2001,2001Q2,55.952
30/09/2001,2001Q3,55.054
31/12/2001,2001Q4,54.052
31/03/2002,2002Q1,53.213
30/06/2002,2002Q2,52.811
30/09/2002,2002Q3,51.701
31/12/2002,2002Q4,51.237
31/03/2003,2003Q1,50.066
30/06/2003,2003Q2,50.148
30/09/2003,2003Q3,48.515
31/12/2003,2003Q4,47.687
31/03/2004,2004Q1,47.667
30/06/2004,2004Q2,47.027
30/09/2004,2004Q3,45.813
31/12/2004,2004Q4,45.333
31/03/2005,2005Q1,45.059
30/06/2005,2005Q2,43.966
30/09/2005,2005Q3,42.896
31/12/2005,2005Q4,42.395
31/03/2006,2006Q1,41.611
30/06/2006,2006Q2,40.4
30/09/2006,2006Q3,40.081
31/12/2006,2006Q4,39.019
31/03/2007,2007Q1,38.973
30/06/2007,2007Q2,38.393
30/09/2007,2007Q3,36.985
31/12/2007,2007Q4,35.698
31/03/2008,2008Q1,34.907
30/06/2008,2008Q2,35.448
30/09/2008,2008Q3,36.334
31/12/2008,2008Q4,39.609
31/03/2009,2009Q1,42.955
30/06/2009,2009Q2,46.896
30/09/2009,2009Q3,49.37
31/12/2009,2009Q4,53.079
31/03/2010,2010Q1,54.711
30/06/2010,2010Q2,56.696
30/09/2010,2010Q3,57.699
31/12/2010,2010Q4,60.266
31/03/2011,2011Q1,64.078
30/06/2011,2011Q2,65.961
30/09/2011,2011Q3,66.376
31/12/2011,2011Q4,69.528
31/03/2012,2012Q1,73.576
30/06/2012,2012Q2,77.069
30/09/2012,2012Q3,78.727
31/12/2012,2012Q4,89.56
31/03/2013,2013Q1,97.06
30/06/2013,2013Q2,98.758
30/09/2013,2013Q3,99.953
31/12/2013,2013Q4,100.015
31/03/2014,2014Q1,102.576
30/06/2014,2014Q2,103.627
30/09/2014,2014Q3,103.924
31/12/2014,2014Q4,104.448
31/03/2015,2015Q1,104.504
30/06/2015,2015Q2,103.809
30/09/2015,2015Q3,103.547
31/12/2015,2015Q4,102.485
31/03/2016,2016Q1,103.676
30/06/2016,2016Q2,103.588
30/09/2016,2016Q3,102.889
31/12/2016,2016Q4,102.02
31/03/2017,2017Q1,102.932
30/06/2017,2017Q2,102.644
30/09/2017,2017Q3,101.786
31/12/2017,2017Q4,101.207
31/03/2018,2018Q1,101.738
30/06/2018,2018Q2,101.061
30/09/2018,2018Q3,101.222
31/12/2018,2018Q4,99.791
31/03/2019,2019Q1,100.624
30/06/2019,2019Q2,100.621
30/09/2019,2019Q3,99.618
31/12/2019,2019Q4,97.659
31/03/2020,2020Q1,101.325
30/06/2020,2020Q2,112.613
30/09/2020,2020Q3,116.471
31/12/2020,2020Q4,119.279
31/03/2021,2021Q1,124.194
30/06/2021,2021Q2,121.157
30/09/2021,2021Q3,119.441
31/12/2021,2021Q4,115.697
31/03/2022,2022Q1,114.558
30/06/2022,2022Q2,112.906
30/09/2022,2022Q3,112.063
31/12/2022,2022Q4,109.321
31/03/2023,2023Q1,108.867
30/06/2023,2023Q2,108.774
30/09/2023,2023Q3,107.348
31/12/2023,2023Q4,105.182
31/03/2024,2024Q1,106.279
30/06/2024,2024Q2,105.241
30/09/2024,2024Q3,104.238
31/12/2024,2024Q4,101.646
31/03/2025,2025Q1,103.364
30/06/2025,2025Q2,103.439
