"DATE","TIME PERIOD","Current account (BP6.Q.N.ES.W1.S1.S1.T.B.CA._Z._Z._Z.EUR._T._X.N)"
"1993-03-31","1993Q1","-2888"
"1993-06-30","1993Q2","-2592"
"1993-09-30","1993Q3","-665"
"1993-12-31","1993Q4","-2101"
"1994-03-31","1994Q1","-2516"
"1994-06-30","1994Q2","-2453"
"1994-09-30","1994Q3","-1514"
"1994-12-31","1994Q4","-2817"
"1995-03-31","1995Q1","-3568"
"1995-06-30","1995Q2","-1850"
"1995-09-30","1995Q3","-1373"
"1995-12-31","1995Q4","1044"
"1996-03-31","1996Q1","-3570"
"1996-06-30","1996Q2","-1795"
"1996-09-30","1996Q3","274"
"1996-12-31","1996Q4","906"
"1997-03-31","1997Q1","-4138"
"1997-06-30","1997Q2","-561"
"1997-09-30","1997Q3","629"
"1997-12-31","1997Q4","305"
"1998-03-31","1998Q1","-5325"
"1998-06-30","1998Q2","-1018"
"1998-09-30","1998Q3","-396"
"1998-12-31","1998Q4","-2609"
"1999-03-31","1999Q1","-6132"
"1999-06-30","1999Q2","-4164"
"1999-09-30","1999Q3","-3775"
"1999-12-31","1999Q4","-5224"
"2000-03-31","2000Q1","-9178"
"2000-06-30","2000Q2","-5984"
"2000-09-30","2000Q3","-5729"
"2000-12-31","2000Q4","-7030"
"2001-03-31","2001Q1","-10163"
"2001-06-30","2001Q2","-7178"
"2001-09-30","2001Q3","-5895"
"2001-12-31","2001Q4","-7436"
"2002-03-31","2002Q1","-9230"
"2002-06-30","2002Q2","-6001"
"2002-09-30","2002Q3","-4677"
"2002-12-31","2002Q4","-8051"
"2003-03-31","2003Q1","-10158"
"2003-06-30","2003Q2","-6127"
"2003-09-30","2003Q3","-6894"
"2003-12-31","2003Q4","-7974"
"2004-03-31","2004Q1","-13019"
"2004-06-30","2004Q2","-11178"
"2004-09-30","2004Q3","-10566"
"2004-12-31","2004Q4","-12353"
"2005-03-31","2005Q1","-19311"
"2005-06-30","2005Q2","-15858"
"2005-09-30","2005Q3","-14713"
"2005-12-31","2005Q4","-17396"
"2006-03-31","2006Q1","-24277"
"2006-06-30","2006Q2","-18965"
"2006-09-30","2006Q3","-20460"
"2006-12-31","2006Q4","-25149"
"2007-03-31","2007Q1","-26465"
"2007-06-30","2007Q2","-21892"
"2007-09-30","2007Q3","-24280"
"2007-12-31","2007Q4","-28809"
"2008-03-31","2008Q1","-32176"
"2008-06-30","2008Q2","-24697"
"2008-09-30","2008Q3","-19825"
"2008-12-31","2008Q4","-22087"
"2009-03-31","2009Q1","-17303"
"2009-06-30","2009Q2","-7002"
"2009-09-30","2009Q3","-7481"
"2009-12-31","2009Q4","-11929"
"2010-03-31","2010Q1","-13093"
"2010-06-30","2010Q2","-9352"
"2010-09-30","2010Q3","-7681"
"2010-12-31","2010Q4","-9087"
"2011-03-31","2011Q1","-13786"
"2011-06-30","2011Q2","-4531"
"2011-09-30","2011Q3","-3602"
"2011-12-31","2011Q4","-7052"
"2012-03-31","2012Q1","-10250"
"2012-06-30","2012Q2","274"
"2012-09-30","2012Q3","5671"
"2012-12-31","2012Q4","5190"
"2013-03-31","2013Q1","-1042"
"2013-06-30","2013Q2","8779"
"2013-09-30","2013Q3","7768"
"2013-12-31","2013Q4","5298"
"2014-03-31","2014Q1","-3340"
"2014-06-30","2014Q2","4029"
"2014-09-30","2014Q3","8678"
"2014-12-31","2014Q4","8169"
"2015-03-31","2015Q1","-880"
"2015-06-30","2015Q2","7115"
"2015-09-30","2015Q3","9398"
"2015-12-31","2015Q4","6197"
"2016-03-31","2016Q1","1020"
"2016-06-30","2016Q2","12186"
"2016-09-30","2016Q3","13240"
"2016-12-31","2016Q4","8925"
"2017-03-31","2017Q1","1460"
"2017-06-30","2017Q2","11537"
"2017-09-30","2017Q3","11058"
"2017-12-31","2017Q4","8153"
"2018-03-31","2018Q1","682"
"2018-06-30","2018Q2","8954"
"2018-09-30","2018Q3","7669"
"2018-12-31","2018Q4","5306"
"2019-03-31","2019Q1","-734"
"2019-06-30","2019Q2","10829"
"2019-09-30","2019Q3","8560"
"2019-12-31","2019Q4","7582"
"2020-03-31","2020Q1","-527"
"2020-06-30","2020Q2","833"
"2020-09-30","2020Q3","1058"
"2020-12-31","2020Q4","5425"
"2021-03-31","2021Q1","-521"
"2021-06-30","2021Q2","2262"
"2021-09-30","2021Q3","4483"
"2021-12-31","2021Q4","5300"
"2022-03-31","2022Q1","-3558"
"2022-06-30","2022Q2","2251"
"2022-09-30","2022Q3","3041"
