Date,Dernier,Ouv., Plus Haut,Plus Bas,Vol.,Variation %
01/03/2025,"20,60","18,80","22,90","18,20",,"10,58%"
01/02/2025,"18,63","18,49","19,70","15,48",,"21,28%"
01/01/2025,"15,36","16,94","20,08","14,84",,"-9,67%"
01/12/2024,"17,00","18,07","21,63","13,44",,"0,25%"
01/11/2024,"16,96","21,36","22,06","16,11",,"-21,95%"
01/10/2024,"21,73","18,15","22,17","17,08",,"20,29%"
01/09/2024,"18,06","15,90","22,59","15,19",,"18,31%"
01/08/2024,"15,27","16,02","40,87","14,50",,"-3,01%"
01/07/2024,"15,74","18,12","18,36","12,83",,"-13,96%"
01/06/2024,"18,30","13,66","22,18","13,14",,"29,41%"
01/05/2024,"14,14","15,81","15,86","12,11",,"-9,17%"
01/04/2024,"15,57","13,97","20,22","13,69",,"16,35%"
01/03/2024,"13,38","13,51","15,08","12,17",,"-2,94%"
01/02/2024,"13,78","15,04","15,55","13,11",,"-6,99%"
01/01/2024,"14,82","14,01","15,93","13,01",,"9,16%"
01/12/2023,"13,57","13,50","14,73","11,91",,"-1,74%"
01/11/2023,"13,81","18,79","19,35","13,28",,"-29,90%"
01/10/2023,"19,71","17,76","24,01","16,81",,"12,81%"
01/09/2023,"17,47","16,05","20,46","13,96",,"8,76%"
01/08/2023,"16,06","16,35","21,65","15,68",,"-1,00%"
01/07/2023,"16,23","13,87","19,41","13,35",,"19,19%"
01/06/2023,"13,61","18,05","19,02","12,89",,"-31,87%"
01/05/2023,"19,98","17,98","21,42","14,96",,"14,64%"
01/04/2023,"17,43","20,10","20,30","16,27",,"-10,27%"
01/03/2023,"19,42","19,09","33,50","17,72",,"-0,39%"
01/02/2023,"19,50","18,71","22,16","16,49",,"5,02%"
01/01/2023,"18,57","21,06","21,26","17,07",,"-11,10%"
01/12/2022,"20,89","20,32","23,10","18,70",,"-1,53%"
01/11/2022,"21,21","24,47","25,03","19,13",,"-14,58%"
01/10/2022,"24,83","33,14","33,21","24,67",,"-19,14%"
01/09/2022,"30,71","28,80","33,78","24,05",,"9,89%"
01/08/2022,"27,95","23,16","29,72","20,85",,"25,29%"
01/07/2022,"22,30","30,44","32,67","21,59",,"-25,10%"
01/06/2022,"29,78","24,50","33,15","22,45",,"17,95%"
01/05/2022,"25,25","33,44","36,06","23,63",,"-17,95%"
01/04/2022,"30,77","29,11","34,19","23,95",,"6,15%"
01/03/2022,"28,99","35,35","59,49","26,55",,"-17,86%"
01/02/2022,"35,29","24,55","42,46","20,99",,"30,67%"
01/01/2022,"27,01","19,09","34,76","17,62",,"40,17%"
01/12/2021,"19,27","28,59","32,52","18,66",,"-35,92%"
01/11/2021,"30,07","17,71","33,08","15,47",,"70,68%"
01/10/2021,"17,62","25,69","26,39","15,66",,"-24,21%"
01/09/2021,"23,24","17,40","28,63","16,85",,"23,86%"
01/08/2021,"18,77","19,75","25,16","15,63",,"-10,38%"
01/07/2021,"20,94","17,39","26,69","16,23",,"15,15%"
01/06/2021,"18,18","18,17","22,99","15,14",,"-4,78%"
01/05/2021,"19,10","20,48","28,27","16,69",,"-7,43%"
01/04/2021,"20,63","17,55","21,35","15,33",,"14,78%"
01/03/2021,"17,97","23,43","25,15","16,68",,"-33,09%"
01/02/2021,"26,86","27,97","28,52","19,52",,"-7,39%"
01/01/2021,"29,01","22,99","33,03","19,40",,"24,13%"
01/12/2020,"23,37","21,76","30,34","19,47",,"1,98%"
01/11/2020,"22,91","36,22","36,32","19,61",,"-35,17%"
01/10/2020,"35,35","26,09","39,92","21,89",,"35,64%"
01/09/2020,"26,06","26,11","33,20","20,78",,"-2,48%"
01/08/2020,"26,72","27,14","27,46","21,85",,"0,22%"
01/07/2020,"26,66","31,95","32,08","21,84",,"-15,94%"
01/06/2020,"31,72","30,37","45,22","26,71",,"1,90%"
01/05/2020,"31,13","39,70","40,84","27,05",,"-8,21%"
01/04/2020,"33,91","53,89","55,17","30,57",,"-30,21%"
01/03/2020,"48,59","34,69","95,02","28,84",,"15,05%"
01/02/2020,"42,24","17,06","49,69","12,42",,"146,22%"
01/01/2020,"17,15","13,37","17,55","10,50",,"22,93%"
01/12/2019,"13,95","13,36","17,89","11,08",,"5,93%"
01/11/2019,"13,17","13,52","14,10","11,50",,"-4,48%"
01/10/2019,"13,79","15,43","21,40","12,77",,"-12,87%"
01/09/2019,"15,83","17,77","19,23","13,55",,"-10,41%"
01/08/2019,"17,67","14,27","25,60","13,53",,"22,77%"
01/07/2019,"14,39","12,92","14,85","11,43",,"4,78%"
01/06/2019,"13,73","18,66","19,03","12,48",,"-21,17%"
01/05/2019,"17,42","13,77","20,68","13,29",,"31,36%"
01/04/2019,"13,26","15,13","15,34","10,47",,"-13,17%"
01/03/2019,"15,27","13,59","18,63","12,43",,"12,42%"
01/02/2019,"13,59","14,95","17,39","13,42",,"-10,09%"
01/01/2019,"15,11","25,17","25,39","14,28",,"-36,67%"
01/12/2018,"23,86","18,39","26,88","16,00",,"29,04%"
01/11/2018,"18,49","20,06","21,43","15,57",,"-8,92%"
01/10/2018,"20,30","14,86","25,22","13,79",,"37,53%"
01/09/2018,"14,76","15,97","17,74","12,52",,"-5,57%"
01/08/2018,"15,63","12,55","18,68","12,31",,"24,48%"
01/07/2018,"12,56","19,28","19,56","11,46",,"-24,49%"
01/06/2018,"16,63","16,24","19,51","11,33",,"-5,79%"
01/05/2018,"17,65","13,90","22,28","12,35",,"28,72%"
01/04/2018,"13,72","19,28","21,06","12,68",,"-21,34%"
01/03/2018,"17,44","18,40","24,43","13,24",,"-3,13%"
01/02/2018,"18,00","14,41","36,56","13,89",,"18,70%"
01/01/2018,"15,16","14,32","15,79","10,76",,"12,23%"
01/12/2017,"13,51","13,51","16,05","10,40",,"0,30%"
01/11/2017,"13,47","12,00","16,29","11,54",,"12,38%"
01/10/2017,"11,99","12,34","14,71","10,70",,"-1,11%"
01/09/2017,"12,12","15,35","17,15","11,00",,"-22,46%"
01/08/2017,"15,63","13,63","24,15","12,55",,"12,43%"
01/07/2017,"13,90","16,59","16,75","12,48",,"-19,42%"
01/06/2017,"17,25","14,34","17,96","12,74",,"18,55%"
01/05/2017,"14,55","17,52","19,57","13,45",,"-14,64%"
01/04/2017,"17,05","17,70","26,39","14,91",,"3,19%"
01/03/2017,"16,52","15,70","17,23","10,81",,"1,46%"
01/02/2017,"16,28","16,76","17,80","14,33",,"-6,24%"
01/01/2017,"17,37","19,03","19,03","14,48",,"-4,16%"
01/12/2016,"18,12","21,92","23,92","14,39",,"-15,46%"
01/11/2016,"21,44","21,25","26,03","19,41",,"-0,04%"
01/10/2016,"21,44","20,58","21,79","16,58",,"8,48%"
01/09/2016,"19,77","19,33","23,69","16,81",,"1,82%"
01/08/2016,"19,42","20,18","24,20","17,89",,"-4,09%"
01/07/2016,"20,25","25,86","29,19","18,64",,"-22,36%"
01/06/2016,"26,08","22,72","42,27","22,21",,"17,91%"
01/05/2016,"22,11","24,59","27,24","20,17",,"-7,98%"
01/04/2016,"24,03","25,22","26,93","19,76",,"2,49%"
01/03/2016,"23,45","29,43","29,52","20,32",,"-21,13%"
01/02/2016,"29,73","28,11","40,48","27,18",,"8,55%"
01/01/2016,"27,39","27,51","36,37","25,83",,"23,52%"
01/12/2015,"22,17","23,52","30,81","20,23",,"-6,24%"
01/11/2015,"23,65","21,19","26,64","19,79",,"16,18%"
01/10/2015,"20,36","30,52","32,63","19,11",,"-36,48%"
01/09/2015,"32,05","32,92","35,95","26,25",,"3,13%"
01/08/2015,"31,07","19,83","45,70","17,14",,"61,10%"
01/07/2015,"19,29","31,68","33,86","16,97",,"-40,30%"
01/06/2015,"32,31","23,74","32,50","21,76",,"37,25%"
01/05/2015,"23,54","24,92","25,99","19,05",,"-2,78%"
01/04/2015,"24,21","21,69","25,14","17,42",,"14,75%"
01/03/2015,"21,10","17,59","21,66","17,21",,"18,86%"
01/02/2015,"17,75","25,12","26,90","17,20",,"-28,22%"
01/01/2015,"24,73","26,00","32,23","21,09",,"-5,56%"
01/12/2014,"26,19","19,08","32,40","15,98",,"45,28%"
01/11/2014,"18,03","20,95","22,95","17,49",,"-11,28%"
01/10/2014,"20,32","18,31","36,00","17,72",,"13,81%"
01/09/2014,"17,85","17,59","19,88","14,44",,"3,85%"
01/08/2014,"17,19","19,54","22,15","15,49",,"-10,11%"
01/07/2014,"19,12","15,19","19,66","12,76",,"25,23%"
01/06/2014,"15,27","16,34","17,23","12,30",,"-3,27%"
01/05/2014,"15,78","17,21","19,59","14,94",,"-7,54%"
01/04/2014,"17,07","17,50","20,43","15,50",,"-3,35%"
01/03/2014,"17,66","19,63","24,35","16,74",,"5,35%"
01/02/2014,"16,77","22,54","24,36","15,99",,"-23,15%"
01/01/2014,"21,82","17,80","24,60","15,30",,"26,45%"
,,,,,,
,,,,,,
,,,,,,
,,,,,,
,,,,,,
,,,,,,
,,,,,,
,,,,,,
,,,,,,
,,,,,,
,,,,,,
,,,,,,
,,,,,,
,,,,,,
,,,,,,
,,,,,,
,,,,,,
,,,,,,
,,,,,,
,,,,,,
,,,,,,
,,,,,,
,,,,,,
,,,,,,
,,,,,,
,,,,,,
,,,,,,
,,,,,,
,,,,,,
,,,,,,
,,,,,,
,,,,,,
,,,,,,
,,,,,,
,,,,,,
,,,,,,
,,,,,,
,,,,,,
,,,,,,
,,,,,,
,,,,,,
,,,,,,
,,,,,,
,,,,,,
,,,,,,
,,,,,,
,,,,,,
,,,,,,
,,,,,,
,,,,,,
,,,,,,
,,,,,,
,,,,,,
,,,,,,
,,,,,,
,,,,,,
,,,,,,
,,,,,,
,,,,,,
,,,,,,
,,,,,,
,,,,,,
,,,,,,
,,,,,,
,,,,,,
,,,,,,
,,,,,,
,,,,,,
,,,,,,
,,,,,,
,,,,,,
,,,,,,
,,,,,,
,,,,,,
,,,,,,
,,,,,,
,,,,,,
,,,,,,
,,,,,,
,,,,,,
,,,,,,
,,,,,,
,,,,,,
,,,,,,
,,,,,,
,,,,,,
,,,,,,
,,,,,,
,,,,,,
,,,,,,
,,,,,,
,,,,,,
,,,,,,
,,,,,,
,,,,,,
,,,,,,
,,,,,,
,,,,,,
,,,,,,
,,,,,,
,,,,,,
,,,,,,
,,,,,,
,,,,,,
,,,,,,
,,,,,,
,,,,,,
,,,,,,
,,,,,,
,,,,,,
,,,,,,
,,,,,,
,,,,,,
,,,,,,
,,,,,,
,,,,,,
,,,,,,
,,,,,,
,,,,,,
,,,,,,
