date,Mkt-RF,SMB,HML,RF
192707,0.0726,-0.0327,-0.0113,0.003
192708,0.0199,-0.0077,-0.0385,0.0028000000000000004
192709,0.04769999999999999,-0.036000000000000004,-0.005699999999999999,0.0021
192710,-0.0429,0.0203,-0.0447,0.0025
192711,0.0652,0.0278,-8e-4,0.0021
192712,0.0209,0.0098,-0.011200000000000002,0.0022
192801,-0.005699999999999999,0.042,-0.0070999999999999995,0.0025
192802,-0.0169,-0.0206,-0.0064,0.0033
192803,0.08789999999999999,-0.0038,-0.0111,0.0029
192804,0.0425,0.0414,0.0325,0.0022
192805,0.0152,0.027000000000000003,-0.03,0.0032
192806,-0.049,-0.037599999999999995,0.0028000000000000004,0.0031
192807,0.0063,-0.013600000000000001,-0.0054,0.0032
192808,0.0669,-0.0204,-0.0213,0.0032
192809,0.0287,0.024,0.0084,0.0027
192810,0.0131,0.022400000000000003,-0.021400000000000002,0.0040999999999999995
192811,0.1182,-0.0182,0.0265,0.0038
192812,0.004,-0.009300000000000001,-0.0052,6e-4
192901,0.0466,-0.0335,-0.012199999999999999,0.0034000000000000002
192902,-0.0034000000000000002,-0.0033,0.0166,0.0036
192903,-0.0085,-0.049100000000000005,0.015700000000000002,0.0034000000000000002
192904,0.0147,-0.011200000000000002,0.009300000000000001,0.0036
192905,-0.0638,-0.054400000000000004,-0.0152,0.0044
192906,0.09699999999999999,-0.021400000000000002,-0.0274,0.0052
192907,0.044800000000000006,-0.0387,0.026699999999999998,0.0033
192908,0.0814,-0.0975,0.0032,0.004
192909,-0.0545,0.0134,-0.0079,0.0034999999999999996
192910,-0.2007,-0.0495,0.0754,0.0046
192911,-0.12869999999999998,-0.0088,0.050499999999999996,0.0037
192912,0.0128,-0.040999999999999995,-0.0014000000000000002,0.0037
193001,0.056100000000000004,0.0349,-0.0103,0.0014000000000000002
193002,0.025,0.0028000000000000004,0.0028000000000000004,0.003
193003,0.0709,0.0339,0.003,0.0034999999999999996
193004,-0.020499999999999997,-0.0034999999999999996,-0.0037,0.0021
193005,-0.0166,-0.021,-0.0074,0.0026
193006,-0.16079999999999997,-0.0359,0.024,0.0027
193007,0.0412,-0.0027,-0.017,0.002
193008,0.003,-0.0216,-0.0059,9e-4
193009,-0.1281,-0.0241,-0.0509,0.0022
193010,-0.08779999999999999,-0.002,-0.0109,9e-4
193011,-0.0304,0.0246,-0.0381,0.0013
193012,-0.0786,-0.0467,-0.056900000000000006,0.0014000000000000002
193101,0.0625,0.0347,0.0824,0.0015
193102,0.10880000000000001,0.0345,0.0163,4e-4
193103,-0.0635,0.028300000000000002,-0.032,0.0013
193104,-0.1,-0.042199999999999994,-0.0433,8e-4
193105,-0.1329,0.052199999999999996,-0.06309999999999999,9e-4
193106,0.1393,-0.0501,0.11699999999999999,8e-4
193107,-0.0663,0.0149,-0.022000000000000002,6e-4
193108,0.004,-0.0208,-0.017,3e-4
193109,-0.2874,-0.0102,-0.0724,3e-4
193110,0.0799,-0.0028000000000000004,0.031200000000000002,0.001
193111,-0.09140000000000001,0.044000000000000004,-0.0519,0.0017000000000000001
193112,-0.1352,-0.0087,-0.0919,0.0012
193201,-0.015700000000000002,0.0441,0.0974,0.0023
193202,0.0545,-0.025099999999999997,-0.0147,0.0023
193203,-0.113,0.0213,-0.022000000000000002,0.0016
193204,-0.1794,0.009300000000000001,0.0207,0.0011
193205,-0.2051,0.0421,-0.0408,6e-4
193206,-0.0077,0.004,0.058499999999999996,2e-4
193207,0.3361,-0.0429,0.3552,2e-4
193208,0.3712,0.1346,0.342,3e-4
193209,-0.0294,-0.0215,-0.0737,3e-4
193210,-0.1315,-0.0259,-0.1047,2e-4
193211,-0.0588,0.0183,-0.1319,2e-4
193212,0.044199999999999996,-0.083,-0.0754,1e-4
193301,0.0124,0.0073,0.0646,1e-4
193302,-0.15289999999999998,-0.0263,-0.0292,-3e-4
193303,0.030600000000000002,0.036000000000000004,0.0709,4e-4
193304,0.3881,0.0302,0.201,0.001
193305,0.2143,0.35960000000000003,0.1866,4e-4
193306,0.131,0.08650000000000001,-0.016399999999999998,2e-4
193307,-0.0964,-0.0106,0.033,2e-4
193308,0.1204,-0.0516,0.0305,3e-4
193309,-0.1065,-0.0058,-0.11710000000000001,2e-4
193310,-0.0836,-7.000000000000001e-4,-0.0849,1e-4
193311,0.09970000000000001,-0.0637,0.0227,2e-4
193312,0.0182,0.0036,-0.0199,2e-4
193401,0.126,0.1321,0.162,5e-4
193402,-0.025099999999999997,0.050499999999999996,0.018600000000000002,2e-4
193403,9e-4,0.0245,-0.0259,2e-4
193404,-0.0179,0.0273,-0.0383,1e-4
193405,-0.0726,-0.0031,-0.059000000000000004,1e-4
193406,0.0271,-0.0218,-0.0285,1e-4
193407,-0.1094,-0.0712,-0.1076,1e-4
193408,0.0558,0.0555,0.0017000000000000001,1e-4
193409,-0.0024,-0.015,-0.0121,1e-4
193410,-0.0166,0.0123,-0.05,1e-4
193411,0.0833,0.066,-0.021400000000000002,1e-4
193412,0.0036,0.032799999999999996,-0.0316,1e-4
193501,-0.0346,0.0096,-0.0177,1e-4
193502,-0.0196,0.0032,-0.0748,2e-4
193503,-0.0371,-0.034300000000000004,-0.050300000000000004,1e-4
193504,0.0906,-0.0158,0.0437,1e-4
193505,0.0346,-0.032,0.0245,1e-4
193506,0.0593,-0.0253,-0.0152,1e-4
193507,0.0754,0.0202,0.0658,1e-4
193508,0.0265,0.0601,0.0629,1e-4
193509,0.0262,0.0155,-0.0412,1e-4
193510,0.0703,0.026699999999999998,-0.0233,1e-4
193511,0.0487,0.04650000000000001,0.122,2e-4
193512,0.0455,9e-4,0.0083,1e-4
193601,0.0689,0.055999999999999994,0.10949999999999999,1e-4
193602,0.024900000000000002,0.0084,0.0433,1e-4
193603,0.0096,0.0069,-0.0159,2e-4
193604,-0.0814,-0.0599,-0.022799999999999997,2e-4
193605,0.0519,0.0089,0.0255,2e-4
193606,0.024,-0.0322,-0.011899999999999999,3e-4
193607,0.0668,0.010700000000000001,0.0253,1e-4
193608,0.009899999999999999,0.0060999999999999995,0.0379,2e-4
193609,0.0097,0.031200000000000002,0.009399999999999999,1e-4
193610,0.071,-0.0235,0.025099999999999997,2e-4
193611,0.0326,0.087,-0.0125,1e-4
193612,0.002,0.0387,0.0414,0
193701,0.0335,0.0449,0.0278,1e-4
193702,0.0108,0.0064,0.042800000000000005,2e-4
193703,-0.0026,-0.0125,0.0704,1e-4
193704,-0.0736,-0.037200000000000004,-0.0346,3e-4
193705,-0.0083,-0.0069,-0.0346,6e-4
193706,-0.042300000000000004,-0.0391,-0.031200000000000002,3e-4
193707,0.0891,0.0088,0.008100000000000001,3e-4
193708,-0.048799999999999996,0.0045000000000000005,-0.0225,2e-4
193709,-0.1362,-0.07,-0.0455,4e-4
193710,-0.0959,0.0045000000000000005,-0.0152,2e-4
193711,-0.0833,-0.0356,0.0022,2e-4
193712,-0.0429,-0.07919999999999999,-0.004699999999999999,0
193801,0.0048,0.0484,-0.015300000000000001,0
193802,0.058499999999999996,0.0040999999999999995,-0.0197,0
193803,-0.2391,-0.043,-0.0363,-1e-4
193804,0.1448,0.064,0.0045000000000000005,1e-4
193805,-0.038599999999999995,-0.024700000000000003,-0.0024,0
193806,0.2389,0.042199999999999994,0.0037,0
193807,0.0733,0.0669,0.022799999999999997,-1e-4
193808,-0.0268,-0.0248,-0.0478,0
193809,0.0083,-0.0268,-0.017,2e-4
193810,0.078,0.0581,0.0504,1e-4
193811,-0.0174,-0.0255,-0.012,-6e-4
193812,0.0416,-0.0181,0.0054,0
193901,-0.059699999999999996,-0.0154,-0.0392,-1e-4
193902,0.0351,0.0060999999999999995,0.0292,1e-4
193903,-0.12029999999999999,-0.0475,-0.0827,-1e-4
193904,-0.0018,0.0167,-0.003,0
193905,0.0681,0.027999999999999997,0.004699999999999999,1e-4
193906,-0.0533,-0.0109,-0.0528,1e-4
193907,0.10220000000000001,0.0418,0.0013,0
193908,-0.0668,-0.045899999999999996,-0.024700000000000003,-1e-4
193909,0.1689,0.2057,0.21760000000000002,1e-4
193910,-0.0053,-8e-4,-0.0479,0
193911,-0.0365,-0.0512,-0.063,0
193912,0.029300000000000003,0.0092,-0.04190000000000001,0
194001,-0.0241,0.0023,-0.0077,0
194002,0.0144,0.0252,-0.0036,0
194003,0.020499999999999997,0.0124,-0.0127,0
194004,0.0022,0.039900000000000005,-0.0022,0
194005,-0.22,-0.0662,-0.037200000000000004,-2e-4
194006,0.0669,-0.0232,0.048799999999999996,0
194007,0.0317,0.009899999999999999,-0.0075,1e-4
194008,0.022099999999999998,-0.0018,0.0055000000000000005,-1e-4
194009,0.0239,0.032,-0.011399999999999999,0
194010,0.030299999999999997,0.0033,0.04650000000000001,0
194011,-0.0165,0.019799999999999998,0.0016,0
194012,0.0069,-0.0212,-0.0089,0
194101,-0.0418,0.0098,0.0383,-1e-4
194102,-0.0143,-0.015600000000000001,0.0089,-1e-4
194103,0.0084,9e-4,0.0305,1e-4
194104,-0.0546,-0.0167,0.0341,-1e-4
194105,0.0137,-0.0064,0.0060999999999999995,0
194106,0.0583,0.0131,0.0060999999999999995,0
194107,0.0587,0.0574,0.0724,3e-4
194108,-0.0017000000000000001,-0.0043,-0.011000000000000001,1e-4
194109,-0.0088,-0.0098,-0.0027,1e-4
194110,-0.0526,-0.0207,0.0163,0
194111,-0.0195,-0.0108,-0.006,0
194112,-0.048799999999999996,-0.0286,-0.0594,1e-4
194201,0.0079,0.0745,0.10099999999999999,2e-4
194202,-0.0246,0.0174,-0.0115,1e-4
194203,-0.066,0.0187,-0.0060999999999999995,1e-4
194204,-0.0437,-0.0044,0.0209,1e-4
194205,0.0596,-0.032,-0.026699999999999998,3e-4
194206,0.0268,-0.0128,0.0043,2e-4
194207,0.0351,-0.0015,0.0241,3e-4
194208,0.018000000000000002,-4e-4,0.013300000000000001,3e-4
194209,0.0262,0.0063,0.0239,3e-4
194210,0.0682,0.0169,0.0647,3e-4
194211,0.0013,-0.014199999999999999,-0.042300000000000004,3e-4
194212,0.051399999999999994,-0.0255,0.0055000000000000005,3e-4
194301,0.0713,0.0877,0.0823,3e-4
194302,0.0616,0.0484,0.0652,3e-4
194303,0.0603,0.0513,0.054900000000000004,3e-4
194304,0.008100000000000001,0.0209,0.058600000000000006,3e-4
194305,0.0575,0.0446,0.032799999999999996,2e-4
194306,0.0182,-0.0098,-0.0075,3e-4
194307,-0.0478,-0.0231,-0.0223,3e-4
194308,0.013000000000000001,-0.0064,-0.004699999999999999,3e-4
194309,0.024,0.013000000000000001,0.014199999999999999,3e-4
194310,-0.0115,0.006,0.0168,3e-4
194311,-0.0593,-0.015700000000000002,-0.039900000000000005,3e-4
194312,0.0637,0.031,0.028999999999999998,3e-4
194401,0.0174,0.026099999999999998,0.0229,3e-4
194402,0.0037,-8e-4,0.0085,3e-4
194403,0.0246,0.0165,0.0335,2e-4
194404,-0.0169,-0.0131,-0.0106,3e-4
194405,0.0508,0.0168,0.0103,3e-4
194406,0.055099999999999996,0.041100000000000005,0.0189,3e-4
194407,-0.0149,0.0058,-0.0042,3e-4
194408,0.015600000000000001,0.023700000000000002,-0.0144,3e-4
194409,2e-4,0.0048,-0.012,2e-4
194410,0.0016,-0.0016,-0.0036,3e-4
194411,0.0171,0.0034999999999999996,0.023799999999999998,3e-4
194412,0.0404,0.0223,0.0587,2e-4
194501,0.020099999999999996,0.0245,0.0068000000000000005,3e-4
194502,0.0623,0.016200000000000003,0.0443,2e-4
194503,-0.0391,-0.0166,-0.015700000000000002,2e-4
194504,0.078,0.0048,0.0311,3e-4
194505,0.0174,0.015300000000000001,0.0034000000000000002,3e-4
194506,0.0039000000000000003,0.031400000000000004,0.042699999999999995,2e-4
194507,-0.0217,-0.014499999999999999,-0.0273,3e-4
194508,0.0622,0.016,-0.044000000000000004,3e-4
194509,0.04769999999999999,0.0174,0.0046,3e-4
194510,0.038900000000000004,0.0236,0.021400000000000002,3e-4
194511,0.054000000000000006,0.0418,0.0435,2e-4
194512,0.011899999999999999,0.0216,-0.024,3e-4
194601,0.062400000000000004,0.0398,0.022799999999999997,3e-4
194602,-0.0584,-0.0068000000000000005,-0.0127,3e-4
194603,0.0588,0.003,-0.0037,3e-4
194604,0.042300000000000004,0.023700000000000002,0.0046,3e-4
194605,0.0394,0.0148,0.011000000000000001,3e-4
194606,-0.038900000000000004,-0.0155,-0.0053,3e-4
194607,-0.0269,-0.0191,5e-4,3e-4
194608,-0.0646,-0.018000000000000002,0.006,3e-4
194609,-0.1018,-0.0443,-0.0197,3e-4
194610,-0.0144,0.0017000000000000001,0.0345,3e-4
194611,-2e-4,-0.0037,0.015300000000000001,3e-4
194612,0.049699999999999994,0,-0.0141,3e-4
194701,0.0125,0.022000000000000002,-0.0074,3e-4
194702,-0.0109,0.006999999999999999,0.0014000000000000002,3e-4
194703,-0.0168,-0.016,0.0060999999999999995,3e-4
194704,-0.048,-0.0397,0.0085,3e-4
194705,-0.0096,-0.0327,0.0032,3e-4
194706,0.053,-0.0033,-0.0064,3e-4
194707,0.041299999999999996,0.0147,0.0276,3e-4
194708,-0.0174,0.0033,0.0014000000000000002,3e-4
194709,-0.0054,0.016200000000000003,0.013600000000000001,6e-4
194710,0.024700000000000003,0.0052,0.0011,6e-4
194711,-0.0199,-0.0169,0.010700000000000001,6e-4
194712,0.0301,-0.024700000000000003,0.0374,8e-4
194801,-0.0393,0.0252,0.0138,7.000000000000001e-4
194802,-0.0438,-0.017,5e-4,7.000000000000001e-4
194803,0.08109999999999999,0.0012,0.0452,9e-4
194804,0.0365,-0.016399999999999998,0.0412,8e-4
194805,0.0732,0.0087,-0.0127,8e-4
194806,-0.0011,-0.0178,0.028399999999999998,9e-4
194807,-0.0508,-0.0038,0.0011,8e-4
194808,0.0024,-0.0113,0.0029,9e-4
194809,-0.029900000000000003,-0.0127,-0.0177,4e-4
194810,0.0596,-0.0148,0.0058,4e-4
194811,-0.0934,-0.0060999999999999995,-0.0415,4e-4
194812,0.0326,-0.0285,-0.0195,4e-4
194901,0.0023,0.0171,0.0125,0.001
194902,-0.029300000000000003,-0.0187,-0.0089,9e-4
194903,0.0405,0.0248,0.0131,0.001
194904,-0.0187,-0.0092,-0.011200000000000002,9e-4
194905,-0.0298,-0.0078000000000000005,-0.0239,0.001
194906,0.001,-0.0086,-0.0165,0.001
194907,0.0554,0.0055000000000000005,0.0039000000000000003,9e-4
194908,0.0259,0.0014000000000000002,-0.0059,9e-4
194909,0.030899999999999997,0.0105,0.0023,9e-4
194910,0.031400000000000004,0.0103,-0.0049,9e-4
194911,0.0181,-0.009399999999999999,-0.009000000000000001,8e-4
194912,0.051399999999999994,0.0208,0.0173,9e-4
195001,0.017,0.0334,0.0015,9e-4
195002,0.0148,2e-4,-0.0079,9e-4
195003,0.0126,-0.0143,-0.0278,0.001
195004,0.0394,0.02,0.013300000000000001,9e-4
195005,0.0432,-0.0213,0.004699999999999999,0.001
195006,-0.0596,-0.0241,-0.0079,0.001
195007,0.0137,0.0054,0.1369,0.001
195008,0.048600000000000004,0.0074,-0.0137,0.001
195009,0.0482,0.0059,-0.011000000000000001,0.001
195010,-0.0019,-0.0066,0.013600000000000001,0.0012
195011,0.0274,-0.0089,0.0319,0.0011
195012,0.0557,0.015300000000000001,0.0727,0.0011
195101,0.057,0.0167,0.0379,0.0013
195102,0.013999999999999999,0.0014000000000000002,-0.0279,0.001
195103,-0.0216,-0.0066,-0.0426,0.0011
195104,0.048600000000000004,-0.0148,0.0326,0.0013
195105,-0.0236,-8e-4,-0.014199999999999999,0.0012
195106,-0.0263,-0.0196,-0.0398,0.0012
195107,0.0695,-0.020499999999999997,0.02,0.0013
195108,0.0429,0.0095,-0.0017000000000000001,0.0013
195109,0.006999999999999999,0.018600000000000002,0.0062,0.0012
195110,-0.0253,-0.0023,0.0018,0.0016
195111,0.0058,-0.0033,-8e-4,0.0011
195112,0.0333,-0.022400000000000003,-0.0155,0.0012
195201,0.014499999999999999,-0.006500000000000001,0.0148,0.0015
195202,-0.0264,0.0085,-0.0062,0.0012
195203,0.0444,-0.0297,0.0223,0.0011
195204,-0.049699999999999994,0.0049,-3e-4,0.0012
195205,0.032,-0.01,2e-4,0.0013
195206,0.0384,-0.0163,0.0124,0.0015
195207,0.0091,-0.0040999999999999995,-0.0032,0.0015
195208,-0.0077,0.0115,9e-4,0.0015
195209,-0.0204,0.0109,-0.014199999999999999,0.0016
195210,-0.0066,-0.0103,-0.0055000000000000005,0.0014000000000000002
195211,0.0596,-0.0072,0.0102,0.001
195212,0.029300000000000003,-0.0151,0.0019,0.0016
195301,-0.0034000000000000002,0.0354,0.0128,0.0016
195302,-0.0027,0.0222,-5e-4,0.0014000000000000002
195303,-0.0144,-0.0021,-0.0084,0.0018
195304,-0.028300000000000002,0.0026,0.0155,0.0016
195305,0.0051,-5e-4,0.0025,0.0017000000000000001
195306,-0.0189,-0.0189,-0.005,0.0018
195307,0.024,-0.0104,-0.0025,0.0015
195308,-0.045599999999999995,0.0037,-0.0352,0.0017000000000000001
195309,0.0021,-0.0085,-0.024399999999999998,0.0016
195310,0.046,-0.013600000000000001,-0.0019,0.0013
195311,0.028399999999999998,-0.013000000000000001,-0.0015,8e-4
195312,2e-4,-0.0085,-0.028300000000000002,0.0013
195401,0.0513,0.005,0.0345,0.0011
195402,0.0167,-0.0018,-0.0027,7.000000000000001e-4
195403,0.0366,-0.005,-0.014499999999999999,8e-4
195404,0.042699999999999995,-0.0347,-0.0037,9e-4
195405,0.031,0.0039000000000000003,0.0245,5e-4
195406,0.0108,0.0038,2e-4,6e-4
195407,0.05,0.0105,0.0414,5e-4
195408,-0.0235,0.0268,-0.014199999999999999,5e-4
195409,0.064,-0.0256,0.0068000000000000005,9e-4
195410,-0.0167,0.0060999999999999995,0.0064,7.000000000000001e-4
195411,0.0941,-0.0265,0.044500000000000005,6e-4
195412,0.054900000000000004,0.0218,0.056799999999999996,8e-4
195501,0.006,0.0024,0.021,8e-4
195502,0.0302,0.0155,0.0060999999999999995,9e-4
195503,-0.0015,-0.006500000000000001,0.019299999999999998,0.001
195504,0.0311,-0.0175,0.0075,0.001
195505,0.009399999999999999,-0.0025,-0.0096,0.0014000000000000002
195506,0.0655,-0.0461,0.018500000000000003,0.001
195507,0.0189,-0.012,0.0039000000000000003,0.001
195508,0.0022,-0.0046,0.0075,0.0016
195509,-0.0037,0.003,-0.0101,0.0016
195510,-0.026699999999999998,0.0146,-0.0011,0.0018
195511,0.0704,-0.022000000000000002,0.0033,0.0017000000000000001
195512,0.0149,0.019799999999999998,-0.021099999999999997,0.0018
195601,-0.030299999999999997,0.005,0.008199999999999999,0.0022
195602,0.0378,-0.0097,-0.0046,0.0019
195603,0.0664,-0.0213,-0.0049,0.0015
195604,0.0028000000000000004,-3e-4,-0.0016,0.0019
195605,-0.052199999999999996,0.015,-0.0132,0.0023
195606,0.0347,-0.015300000000000001,-0.011000000000000001,0.002
195607,0.0484,-0.0169,-7.000000000000001e-4,0.0022
195608,-0.0319,0.0189,-0.0073,0.0017000000000000001
195609,-0.051399999999999994,0.016,0.0175,0.0018
195610,0.0052,-0.0012,-7.000000000000001e-4,0.0025
195611,0.0034999999999999996,-0.0021,0.0176,0.002
195612,0.0316,-2e-4,-0.0215,0.0024
195701,-0.035699999999999996,0.0338,0.028300000000000002,0.0027
195702,-0.0207,-0.0075,-0.0066,0.0024
195703,0.0213,0.0033,-0.0053,0.0023
195704,0.0426,-0.015700000000000002,-0.0147,0.0025
195705,0.0346,-0.0108,-0.020099999999999996,0.0026
195706,-0.0075,0.0059,-3e-4,0.0024
195707,0.0066,-0.008,0.0048,0.003
195708,-0.0512,6e-4,-0.0045000000000000005,0.0025
195709,-0.0599,6e-4,0.0095,0.0026
195710,-0.0432,-0.0246,-0.018799999999999997,0.0029
195711,0.0231,0.004,-0.0291,0.0028000000000000004
195712,-0.039,-0.0091,-0.0176,0.0024
195801,0.04650000000000001,0.0429,0.0434,0.0028000000000000004
195802,-0.015300000000000001,0.0075,0.0023,0.0012
195803,0.0327,0.0069,-0.0103,9e-4
195804,0.030899999999999997,-0.0069,0.016399999999999998,8e-4
195805,0.0232,0.0216,-0.002,0.0011
195806,0.029300000000000003,-0.0014000000000000002,0.0031,3e-4
195807,0.043899999999999995,0.004699999999999999,0.030699999999999998,7.000000000000001e-4
195808,0.019,0.0115,0.0033,4e-4
195809,0.0466,8e-4,0.027999999999999997,0.0019
195810,0.0253,0.0105,-0.0113,0.0018
195811,0.0301,0.020499999999999997,-0.011699999999999999,0.0011
195812,0.0516,-0.0202,6e-4,0.0022
195901,0.0070999999999999995,0.0302,0.0292,0.0021
195902,0.0095,0.0148,0.0115,0.0019
195903,0.0028000000000000004,0.014499999999999999,-0.0034000000000000002,0.0022
195904,0.0366,-0.0068000000000000005,-0.0124,0.002
195905,0.0173,-0.021,0.018000000000000002,0.0022
195906,-0.0024,0.0067,0.0132,0.0024
195907,0.0318,-0.0034999999999999996,0.0027,0.0025
195908,-0.0138,-0.0078000000000000005,0.0044,0.0019
195909,-0.0481,-0.0015,0.0053,0.0031
195910,0.0128,0.0152,-0.021,0.003
195911,0.016,0.0126,-0.0322,0.0026
195912,0.0246,-0.0063,-1e-4,0.0034000000000000002
196001,-0.0698,0.0212,0.0265,0.0033
196002,0.0116,0.006,-0.0197,0.0029
196003,-0.0163,-0.0055000000000000005,-0.0275,0.0034999999999999996
196004,-0.0171,0.0022,-0.021400000000000002,0.0019
196005,0.031200000000000002,0.0129,-0.0373,0.0027
196006,0.0208,-0.0028000000000000004,-0.0027,0.0024
196007,-0.023700000000000002,-0.0052,0.021,0.0013
196008,0.03,0.0069,-0.0018,0.0017000000000000001
196009,-0.06,-0.011200000000000002,0.0168,0.0016
196010,-0.0070999999999999995,-0.0409,0.028300000000000002,0.0022
196011,0.046900000000000004,0.0038,-0.0239,0.0013
196012,0.0473,-0.0158,-0.0077,0.0016
196101,0.062,0.006,0.0365,0.0019
196102,0.035699999999999996,0.038900000000000004,-0.0058,0.0014000000000000002
196103,0.028900000000000002,0.0322,-0.008199999999999999,0.002
196104,0.0029,7.000000000000001e-4,0.0213,0.0017000000000000001
196105,0.024,0.0197,0.0038,0.0018
196106,-0.0308,-0.024900000000000002,-9e-4,0.002
196107,0.028300000000000002,-0.0194,-8e-4,0.0018
196108,0.025699999999999997,-0.0171,-0.003,0.0014000000000000002
196109,-0.0215,-0.010700000000000001,-0.0060999999999999995,0.0017000000000000001
196110,0.0258,-0.0161,0.0018,0.0019
196111,0.044500000000000005,0.0126,-0.012199999999999999,0.0015
196112,-0.0017000000000000001,-0.0087,0.0176,0.0019
196201,-0.0387,0.0174,0.051100000000000007,0.0024
196202,0.0181,-0.0115,0.008199999999999999,0.002
196203,-0.0068000000000000005,0.0066,-0.0158,0.002
196204,-0.0659,-0.0085,0.0014000000000000002,0.0022
196205,-0.0866,-0.031400000000000004,0.0273,0.0024
196206,-0.085,-0.0046,0.0242,0.002
196207,0.06269999999999999,0.0152,-0.0337,0.0027
196208,0.0213,0.012199999999999999,-0.011200000000000002,0.0023
196209,-0.052199999999999996,-0.024,0.013300000000000001,0.0021
196210,-5e-4,-0.0395,0.013000000000000001,0.0026
196211,0.10890000000000001,0.025,0.0085,0.002
196212,0.0101,-0.037599999999999995,0.0032,0.0023
196301,0.049400000000000006,0.0301,0.022400000000000003,0.0025
196302,-0.024,0.0046,0.0215,0.0023
196303,0.0308,-0.0258,0.021,0.0023
196304,0.0451,-0.0126,0.01,0.0025
196305,0.0176,0.0108,0.0255,0.0024
196306,-0.02,-0.0032,0.006500000000000001,0.0023
196307,-0.0039000000000000003,-0.005699999999999999,-0.008100000000000001,0.0027
196308,0.0508,-0.0095,0.017,0.0025
196309,-0.015700000000000002,-0.0025,0,0.0027
196310,0.0254,-0.005699999999999999,-4e-4,0.0029
196311,-0.0086,-0.0116,0.0173,0.0027
196312,0.0183,-0.0196,-0.0021,0.0029
196401,0.022400000000000003,-0.0024,0.0163,0.003
196402,0.0155,0.0012,0.0281,0.0026
196403,0.0141,0.0095,0.0329,0.0031
196404,0.001,-0.013500000000000002,-0.0054,0.0029
196405,0.0141,-0.0084,0.0181,0.0026
196406,0.0127,-0.0023,0.0068000000000000005,0.003
196407,0.0174,0.0019,0.0079,0.003
196408,-0.0144,1e-4,7.000000000000001e-4,0.0028000000000000004
196409,0.0269,-0.0063,0.0172,0.0028000000000000004
196410,0.006,0.0048,0.0108,0.0029
196411,-1e-4,0.0062,-0.0204,0.0029
196412,4e-4,-0.0024,-0.024300000000000002,0.0031
196501,0.0354,0.025699999999999997,0.0036,0.0028000000000000004
196502,0.0044,0.0331,0.0022,0.003
196503,-0.0134,0.0179,0.0115,0.0036
196504,0.0311,0.011399999999999999,0.0073,0.0031
196505,-0.0078000000000000005,2e-4,-0.0155,0.0031
196506,-0.055099999999999996,-0.0407,0.0023,0.0034999999999999996
196507,0.0144,0.0086,0.0219,0.0031
196508,0.0273,0.0285,-0.0098,0.0033
196509,0.0286,0.0063,-0.0014000000000000002,0.0031
196510,0.026000000000000002,0.0252,0.0155,0.0031
196511,-3e-4,0.046900000000000004,0.0016,0.0034999999999999996
196512,0.0101,0.0207,0.0215,0.0033
196601,0.0072,0.04019999999999999,0.0327,0.0038
196602,-0.0121,0.0444,0.0038,0.0034999999999999996
196603,-0.025099999999999997,0.0086,-0.0213,0.0038
196604,0.0213,0.0344,-0.0036,0.0034000000000000002
196605,-0.0567,-0.046,-0.016,0.0040999999999999995
196606,-0.0144,0.0102,0.0049,0.0038
196607,-0.0163,-0.0034999999999999996,0.0091,0.0034999999999999996
196608,-0.0794,-0.0326,0.005,0.0040999999999999995
196609,-0.0106,-0.0101,0.0048,0.004
196610,0.038599999999999995,-0.066,0.0274,0.0045000000000000005
196611,0.0138,0.0407,-0.0463,0.004
196612,0.0013,0.019299999999999998,-0.0095,0.004
196701,0.0815,0.081,0.0236,0.0043
196702,0.0077,0.0332,-0.0226,0.0036
196703,0.039900000000000005,0.0147,0.004699999999999999,0.0039000000000000003
196704,0.038900000000000004,0.004699999999999999,-0.0229,0.0032
196705,-0.0432,0.021099999999999997,0.008,0.0033
196706,0.0242,0.058499999999999996,0.008,0.0027
196707,0.0458,0.0317,0.0275,0.0032
196708,-0.009000000000000001,0.0043,0.0143,0.0031
196709,0.031,0.0304,-0.024700000000000003,0.0032
196710,-0.0308,0.0147,-0.0329,0.0039000000000000003
196711,0.0037,0.0018,-0.0171,0.0036
196712,0.0305,0.0562,-0.0054,0.0033
196801,-0.0403,0.039900000000000005,0.048499999999999995,0.004
196802,-0.0374,-0.0294,0.0123,0.0039000000000000003
196803,0.0021,-0.013000000000000001,-0.0063,0.0038
196804,0.0902,0.056600000000000004,-0.011000000000000001,0.0043
196805,0.022799999999999997,0.0629,0.008199999999999999,0.0045000000000000005
196806,0.006999999999999999,-0.0019,0.0066,0.0043
196807,-0.0269,-0.0128,0.053099999999999994,0.0048
196808,0.013500000000000002,0.0242,0.009899999999999999,0.0042
196809,0.0405,0.0274,0.003,0.0043
196810,0.0043,-0.005,0.0282,0.0044
196811,0.054299999999999994,0.023399999999999997,-0.0096,0.0042
196812,-0.0393,0.0336,4e-4,0.0043
196901,-0.0125,-0.0063,0.0166,0.0053
196902,-0.058600000000000006,-0.039599999999999996,0.0089,0.0046
196903,0.026600000000000002,-0.003,-0.0042,0.0046
196904,0.0146,-0.008100000000000001,2e-4,0.0053
196905,-9e-4,-0.0032,0.0062,0.0048
196906,-0.0719,-0.053399999999999996,-0.011000000000000001,0.0051
196907,-0.07,-0.032400000000000005,0.0118,0.0053
196908,0.046900000000000004,0.008100000000000001,-0.0375,0.005
196909,-0.0297,0.0123,-0.0322,0.0062
196910,0.0506,0.0392,-0.031200000000000002,0.006
196911,-0.038,-0.0255,-0.0125,0.0052
196912,-0.0263,-0.0368,-0.0288,0.0064
197001,-0.081,0.0291,0.0317,0.006
197002,0.051399999999999994,-0.0239,0.0369,0.0062
197003,-0.0106,-0.0231,0.0408,0.005699999999999999
197004,-0.1099,-0.061399999999999996,0.061399999999999996,0.005
197005,-0.069,-0.0461,0.0332,0.0053
197006,-0.057999999999999996,-0.0208,0.0044,0.0058
197007,0.0692,-0.0055000000000000005,0.009300000000000001,0.0052
197008,0.045,0.0148,0.0141,0.0053
197009,0.0418,0.0861,-0.0541,0.0054
197010,-0.0227,-0.0417,0.0021,0.0046
197011,0.0462,-0.0397,0.0158,0.0046
197012,0.0574,0.0282,0.0104,0.0042
197101,0.0483,0.0728,0.0155,0.0038
197102,0.0141,0.018600000000000002,-0.0124,0.0033
197103,0.0412,0.026000000000000002,-0.0395,0.003
197104,0.0315,-0.0049,0.0086,0.0028000000000000004
197105,-0.039900000000000005,-0.0104,-0.013300000000000001,0.0029
197106,-9e-4,-0.015300000000000001,-0.0197,0.0037
197107,-0.0449,-0.0151,-2e-4,0.004
197108,0.0379,-0.0022,0.0264,0.004699999999999999
197109,-0.0086,0.005,-0.028999999999999998,0.0037
197110,-0.044199999999999996,-0.0175,-0.0051,0.0037
197111,-0.0046,-0.0277,-0.0167,0.0037
197112,0.08710000000000001,0.0329,-0.0038,0.0037
197201,0.024700000000000003,0.0584,0.0212,0.0029
197202,0.0287,0.0132,-0.028300000000000002,0.0025
197203,0.0062,-0.0029,-0.0161,0.0027
197204,0.0029,0.0016,3e-4,0.0029
197205,0.0129,-0.0271,-0.027200000000000002,0.003
197206,-0.024300000000000002,0.0028000000000000004,-0.0246,0.0029
197207,-0.008,-0.028999999999999998,0.006,0.0031
197208,0.0327,-0.039900000000000005,0.045599999999999995,0.0029
197209,-0.011399999999999999,-0.026600000000000002,0.0049,0.0034000000000000002
197210,0.0052,-0.0273,0.012199999999999999,0.004
197211,0.046,-0.0118,0.048799999999999996,0.0037
197212,0.0062,-0.0195,-0.0218,0.0037
197301,-0.0327,-0.0349,0.027000000000000003,0.0044
197302,-0.048499999999999995,-0.038900000000000004,0.016399999999999998,0.0042
197303,-0.013000000000000001,-0.0278,0.025699999999999997,0.0046
197304,-0.056799999999999996,-0.0384,0.053899999999999997,0.0052
197305,-0.0297,-0.06269999999999999,0.0038,0.0051
197306,-0.015700000000000002,-0.028399999999999998,0.011399999999999999,0.0051
197307,0.0504,0.07919999999999999,-0.0526,0.0064
197308,-0.0382,-0.02,0.0103,0.006999999999999999
197309,0.047400000000000005,0.029300000000000003,0.0222,0.0068000000000000005
197310,-0.0083,-0.0021,0.0166,0.006500000000000001
197311,-0.1278,-0.07719999999999999,0.0409,0.005600000000000001
197312,0.0059,-0.054000000000000006,0.0401,0.0064
197401,-0.0016,0.0968,0.059500000000000004,0.0063
197402,-0.0046,0,0.024700000000000003,0.0058
197403,-0.0282,0.025,-0.0014000000000000002,0.005600000000000001
197404,-0.0528,-0.0068000000000000005,0.0092,0.0075
197405,-0.047,-0.029300000000000003,-0.0208,0.0075
197406,-0.028399999999999998,-0.0024,0.0083,0.006
197407,-0.0806,0.0078000000000000005,0.0516,0.006999999999999999
197408,-0.09390000000000001,-0.0069,0.026099999999999998,0.006
197409,-0.11789999999999999,0.0027,0.054299999999999994,0.008100000000000001
197410,0.1611,-0.034300000000000004,-0.09910000000000001,0.0051
197411,-0.0453,-0.011699999999999999,-0.0025,0.0054
197412,-0.0344,-0.047400000000000005,0.0012,0.006999999999999999
197501,0.1367,0.1106,0.08259999999999999,0.0058
197502,0.0556,0.0012,-0.0447,0.0043
197503,0.026600000000000002,0.0375,0.0242,0.0040999999999999995
197504,0.042199999999999994,-0.0064,-0.0113,0.0044
197505,0.052000000000000005,0.0393,-0.0405,0.0044
197506,0.0487,0.008100000000000001,0.013500000000000002,0.0040999999999999995
197507,-0.066,0.026600000000000002,0.0176,0.0048
197508,-0.028399999999999998,-0.0317,-0.0091,0.0048
197509,-0.0426,-0.0016,0.0033,0.0053
197510,0.053200000000000004,-0.0408,0.0034999999999999996,0.005600000000000001
197511,0.0265,-0.012199999999999999,0.0203,0.0040999999999999995
197512,-0.016,-0.0087,0.017,0.0048
197601,0.1215,0.0487,0.0863,0.004699999999999999
197602,0.0031,0.0697,0.0571,0.0034000000000000002
197603,0.0232,-0.011699999999999999,-0.0011,0.004
197604,-0.0149,-8e-4,-0.0016,0.0042
197605,-0.0134,-0.011899999999999999,-0.0129,0.0037
197606,0.0406,-0.0132,0.0073,0.0043
197607,-0.0106,0.0028000000000000004,0.0174,0.004699999999999999
197608,-0.005699999999999999,-0.020499999999999997,0.0079,0.0042
197609,0.0206,8e-4,-0.0031,0.0044
197610,-0.0242,0.0014000000000000002,-0.0017000000000000001,0.0040999999999999995
197611,0.0036,0.023399999999999997,0.015300000000000001,0.004
197612,0.0565,0.030299999999999997,0.0223,0.004
197701,-0.0403,0.0475,0.0432,0.0036
197702,-0.0194,0.0103,0.0045000000000000005,0.0034999999999999996
197703,-0.013500000000000002,0.009899999999999999,0.0109,0.0038
197704,0.0015,-0.0013,0.0338,0.0038
197705,-0.0147,0.0125,0.008100000000000001,0.0037
197706,0.0472,0.0207,-0.0062,0.004
197707,-0.0169,0.0209,-0.006,0.0042
197708,-0.0176,0.0155,-0.0277,0.0044
197709,-0.0027,0.015,-0.0026,0.0043
197710,-0.043899999999999995,0.011899999999999999,0.016200000000000003,0.0049
197711,0.04,0.0368,0.0023,0.005
197712,0.0027,0.013600000000000001,-0.0029,0.0049
197801,-0.06,0.022799999999999997,0.0338,0.0049
197802,-0.0139,0.0359,0.008100000000000001,0.0046
197803,0.0285,0.0344,0.0115,0.0053
197804,0.0787,0.0036,-0.0354,0.0054
197805,0.0176,0.0453,-0.0055000000000000005,0.0051
197806,-0.0169,0.0174,0.006,0.0054
197807,0.0512,0.0029,-0.01,0.005600000000000001
197808,0.0378,0.0506,-0.0066,0.005600000000000001
197809,-0.0144,-0.0049,0.018799999999999997,0.0062
197810,-0.11900000000000001,-0.0989,0.0126,0.0068000000000000005
197811,0.0271,0.030600000000000002,-0.0208,0.006999999999999999
197812,0.0087,0.011899999999999999,-0.021400000000000002,0.0078000000000000005
197901,0.042199999999999994,0.0355,0.0219,0.0077
197902,-0.0356,0.0044,0.011699999999999999,0.0073
197903,0.0567,0.032,-0.0068000000000000005,0.008100000000000001
197904,-7.000000000000001e-4,0.0217,0.011200000000000002,0.008
197905,-0.022000000000000002,0.0021,0.0132,0.008199999999999999
197906,0.0384,0.0113,0.014199999999999999,0.008100000000000001
197907,0.0083,0.0128,0.0179,0.0077
197908,0.0554,0.019799999999999998,-0.0158,0.0077
197909,-0.0083,-0.0026,-0.009399999999999999,0.0083
197910,-0.081,-0.0338,-0.0183,0.0087
197911,0.052199999999999996,0.0281,-0.0321,0.009899999999999999
197912,0.0178,0.041299999999999996,-0.0213,0.0095
198001,0.055,0.016200000000000003,0.018500000000000003,0.008
198002,-0.0123,-0.018600000000000002,0.0059,0.0089
198003,-0.129,-0.067,-0.0096,0.0121
198004,0.0395,0.0105,0.0103,0.0126
198005,0.0526,0.020499999999999997,0.0038,0.008100000000000001
198006,0.0298,0.0166,-0.008,0.0060999999999999995
198007,0.06509999999999999,0.040999999999999995,-0.0629,0.0053
198008,0.0175,0.039,-0.0246,0.0064
198009,0.0219,0.0096,-0.0461,0.0075
198010,0.0104,0.0239,-0.029300000000000003,0.0095
198011,0.096,-0.0327,-0.08109999999999999,0.0096
198012,-0.0446,-0.0028000000000000004,0.027999999999999997,0.0131
198101,-0.0506,0.0291,0.0674,0.0104
198102,0.0060999999999999995,-0.004699999999999999,0.0097,0.010700000000000001
198103,0.036699999999999997,0.0334,0.0060999999999999995,0.0121
198104,-0.0216,0.045,0.022799999999999997,0.0108
198105,0.0013,0.0194,-0.0043,0.0115
198106,-0.023399999999999997,-0.0083,0.051399999999999994,0.013500000000000002
198107,-0.0155,-0.0207,-0.0060999999999999995,0.0124
198108,-0.0702,-0.0195,0.0471,0.0128
198109,-0.0719,-0.0268,0.051100000000000007,0.0124
198110,0.0492,0.0213,-0.0409,0.0121
198111,0.034,-0.0109,0.0191,0.010700000000000001
198112,-0.0363,0.0118,0.0079,0.0087
198201,-0.0323,-0.0125,0.0319,0.008
198202,-0.058600000000000006,0.0046,0.060899999999999996,0.0092
198203,-0.0182,-0.0019,0.037599999999999995,0.0098
198204,0.032400000000000005,0.016399999999999998,-0.0308,0.0113
198205,-0.0393,0.0017000000000000001,0.0178,0.0106
198206,-0.0308,-0.0043,0.015600000000000001,0.0096
198207,-0.032,0.0091,7.000000000000001e-4,0.0105
198208,0.11230000000000001,-0.042800000000000005,0.0109,0.0076
198209,0.0131,0.0287,0.0023,0.0051
198210,0.113,0.023799999999999998,-0.0362,0.0059
198211,0.046799999999999994,0.0463,-0.018000000000000002,0.0063
198212,0.005600000000000001,-0.0031,-6e-4,0.0067
198301,0.0359,0.0282,-0.0072,0.0069
198302,0.0259,0.0318,0.0066,0.0062
198303,0.0281,0.0175,0.0206,0.0063
198304,0.0666,0.0046,0.0043,0.0070999999999999995
198305,0.0051,0.062,-0.013999999999999999,0.0069
198306,0.030699999999999998,0.009300000000000001,-0.038900000000000004,0.0067
198307,-0.0406,0.015,0.0554,0.0074
198308,-0.005,-0.0429,0.0559,0.0076
198309,0.0092,0.0060999999999999995,0.009899999999999999,0.0076
198310,-0.034300000000000004,-0.0355,0.0496,0.0076
198311,0.0217,0.0202,-0.0073,0.006999999999999999
198312,-0.0177,-0.0025,0.0175,0.0073
198401,-0.0192,-0.0034999999999999996,0.0748,0.0076
198402,-0.04769999999999999,-0.0168,0.0341,0.0070999999999999995
198403,0.006500000000000001,0.001,0.0053,0.0073
198404,-0.0051,-0.0116,0.011899999999999999,0.008100000000000001
198405,-0.059800000000000006,7.000000000000001e-4,0.0026,0.0078000000000000005
198406,0.0181,-0.0024,-0.0275,0.0075
198407,-0.027200000000000002,-0.022000000000000002,0.0039000000000000003,0.008199999999999999
198408,0.1027,-0.0027,-0.0174,0.0083
198409,-0.008,0.0015,0.0525,0.0086
198410,-0.0084,-0.0111,0.0059,0.01
198411,-0.0177,-0.0072,0.0387,0.0073
198412,0.0184,-0.0066,-0.0029,0.0064
198501,0.0797,0.0327,-0.0521,0.006500000000000001
198502,0.012199999999999999,0.0070999999999999995,-0.0024,0.0058
198503,-0.0083,-0.010700000000000001,0.0401,0.0062
198504,-0.0096,9e-4,0.036000000000000004,0.0072
198505,0.0507,-0.023,-0.0098,0.0066
198506,0.0127,0.0048,0.0038,0.0055000000000000005
198507,-0.0072,0.028300000000000002,-0.016200000000000003,0.0062
198508,-0.0101,-0.003,0.023399999999999997,0.0055000000000000005
198509,-0.0451,-0.016200000000000003,0.0121,0.006
198510,0.04,-0.015,0.0077,0.006500000000000001
198511,0.0646,0.0019,-0.0291,0.0060999999999999995
198512,0.0388,-0.0053,-0.0146,0.006500000000000001
198601,0.006500000000000001,0.0115,0.0046,0.005600000000000001
198602,0.07139999999999999,-0.005699999999999999,-0.0063,0.0053
198603,0.049100000000000005,-0.0054,-0.0039000000000000003,0.006
198604,-0.0128,0.0276,-0.0281,0.0052
198605,0.0462,-0.013600000000000001,-0.0014000000000000002,0.0049
198606,0.0106,-0.009300000000000001,0.012,0.0052
198607,-0.0643,-0.034300000000000004,0.0466,0.0052
198608,0.060700000000000004,-0.0416,0.0354,0.0046
198609,-0.0859,0.024,0.0323,0.0045000000000000005
198610,0.0464,-0.0253,-0.014199999999999999,0.0046
198611,0.011699999999999999,-0.0187,-2e-4,0.0039000000000000003
198612,-0.0326,0.0019,0.0036,0.0049
198701,0.1245,-0.0189,-0.0318,0.0042
198702,0.0438,0.0345,-0.058600000000000006,0.0043
198703,0.0163,0.005,0.0166,0.004699999999999999
198704,-0.0209,-0.0172,-0.0036,0.0044
198705,0.0011,-0.0053,0.0022,0.0038
198706,0.0391,-0.0203,0.0113,0.0048
198707,0.0384,-0.005699999999999999,0.009399999999999999,0.0046
198708,0.0352,-0.0085,-0.0098,0.004699999999999999
198709,-0.0258,0.0058,0.0026,0.0045000000000000005
198710,-0.23190000000000002,-0.0827,0.0418,0.006
198711,-0.0776,0.0268,0.031400000000000004,0.0034999999999999996
198712,0.0682,3e-4,-0.044199999999999996,0.0039000000000000003
198801,0.0421,-0.0075,0.0493,0.0029
198802,0.04769999999999999,0.0333,-0.015300000000000001,0.0046
198803,-0.0226,0.0601,0.0086,0.0044
198804,0.005699999999999999,0.0091,0.0151,0.0046
198805,-0.0027,-0.0254,0.024399999999999998,0.0051
198806,0.0478,0.0202,-0.013500000000000002,0.0049
198807,-0.0125,-0.0023,0.0218,0.0051
198808,-0.0331,7.000000000000001e-4,0.021400000000000002,0.0059
198809,0.0331,-0.0134,-0.0075,0.0062
198810,0.0116,-0.0292,0.0203,0.0060999999999999995
198811,-0.0227,-0.016399999999999998,0.0147,0.005699999999999999
198812,0.0148,0.0189,-0.0183,0.0063
198901,0.060700000000000004,-0.0219,0.0060999999999999995,0.0055000000000000005
198902,-0.0223,0.0281,0.009899999999999999,0.0060999999999999995
198903,0.015700000000000002,0.0067,0.004699999999999999,0.0067
198904,0.0435,-0.0067,-0.0148,0.0067
198905,0.032799999999999996,-9e-4,-0.009000000000000001,0.0079
198906,-0.013300000000000001,-0.0097,0.022099999999999998,0.0070999999999999995
198907,0.0718,-0.041100000000000005,-0.027999999999999997,0.006999999999999999
198908,0.0143,0.005699999999999999,0.0062,0.0074
198909,-0.0076,0.003,-0.0127,0.006500000000000001
198910,-0.0365,-0.032400000000000005,-0.0116,0.0068000000000000005
198911,0.0104,-0.011899999999999999,-0.0113,0.0069
198912,0.0118,-0.023700000000000002,0.0015,0.0060999999999999995
199001,-0.078,-0.011399999999999999,0.0083,0.005699999999999999
199002,0.011200000000000002,0.0097,0.006500000000000001,0.005699999999999999
199003,0.0183,0.0147,-0.028999999999999998,0.0064
199004,-0.0336,-0.004699999999999999,-0.025699999999999997,0.0069
199005,0.0843,-0.0256,-0.038900000000000004,0.0068000000000000005
199006,-0.0109,0.013500000000000002,-0.02,0.0063
199007,-0.019,-0.0308,-6e-4,0.0068000000000000005
199008,-0.1012,-0.035,0.015600000000000001,0.0066
199009,-0.0611,-0.0364,0.0059,0.006
199010,-0.0192,-0.0552,8e-4,0.0068000000000000005
199011,0.0635,0.0042,-0.0297,0.005699999999999999
199012,0.0246,0.0079,-0.015700000000000002,0.006
199101,0.046900000000000004,0.0378,-0.0148,0.0052
199102,0.0719,0.0401,-0.0062,0.0048
199103,0.026600000000000002,0.0388,-0.013000000000000001,0.0044
199104,-0.0028000000000000004,0.005,0.0149,0.0053
199105,0.0366,-0.0039000000000000003,-0.0052,0.004699999999999999
199106,-0.049400000000000006,0.0018,0.0108,0.0042
199107,0.0424,-0.0097,-0.013000000000000001,0.0049
199108,0.0232,0.0158,-0.0079,0.0046
199109,-0.0159,0.0168,-0.0123,0.0046
199110,0.0129,0.0077,-0.0043,0.0042
199111,-0.042,-0.0051,-0.0177,0.0039000000000000003
199112,0.1085,-0.0226,-0.042300000000000004,0.0038
199201,-0.0059,0.0848,0.0467,0.0034000000000000002
199202,0.0108,0.0083,0.06509999999999999,0.0028000000000000004
199203,-0.0265,-0.0097,0.0349,0.0034000000000000002
199204,0.0109,-0.061200000000000004,0.0436,0.0032
199205,0.003,0.0040999999999999995,0.0111,0.0028000000000000004
199206,-0.0233,-0.031,0.032400000000000005,0.0032
199207,0.0378,-0.0045000000000000005,-0.0051,0.0031
199208,-0.023799999999999998,-0.001,-0.0109,0.0026
199209,0.011899999999999999,0.0055000000000000005,-0.0019,0.0026
199210,0.0102,0.021099999999999997,-0.019799999999999998,0.0023
199211,0.0414,0.0368,-0.0152,0.0023
199212,0.015300000000000001,0.0165,0.0264,0.0028000000000000004
199301,0.009300000000000001,0.0189,0.059000000000000004,0.0023
199302,0.0012,-0.0339,0.06480000000000001,0.0022
199303,0.0232,0.0029,0.0126,0.0025
199304,-0.0305,-0.0062,0.0255,0.0024
199305,0.028900000000000002,0.0206,-0.0346,0.0022
199306,0.003,-0.003,0.0264,0.0025
199307,-0.0034000000000000002,0.0096,0.0287,0.0024
199308,0.037200000000000004,0.0011,0.0018,0.0025
199309,-0.0012,0.030899999999999997,-0.0024,0.0026
199310,0.014199999999999999,0.0199,-0.0278,0.0022
199311,-0.0187,-0.0127,-0.0078000000000000005,0.0025
199312,0.0165,0.011899999999999999,0.0025,0.0023
199401,0.0287,0.0033,0.011000000000000001,0.0025
199402,-0.0255,0.0276,-0.0152,0.0021
199403,-0.0479,-0.0108,0.0167,0.0027
199404,0.0068000000000000005,-0.009300000000000001,0.0166,0.0027
199405,0.0058,-0.0209,0.006,0.0032
199406,-0.0304,-0.0043,0.0177,0.0031
199407,0.0282,-0.0181,0.0060999999999999995,0.0028000000000000004
199408,0.04019999999999999,0.015,-0.0255,0.0037
199409,-0.022799999999999997,0.0304,-0.0181,0.0037
199410,0.013500000000000002,-0.0216,-0.0166,0.0038
199411,-0.0403,0.0028000000000000004,-0.0073,0.0037
199412,0.0086,0.0017000000000000001,-9e-4,0.0044
199501,0.018000000000000002,-0.0351,0.0259,0.0042
199502,0.0363,-0.0060999999999999995,0.009899999999999999,0.004
199503,0.0219,-0.002,-0.0213,0.0046
199504,0.021099999999999997,-0.0051,0.0167,0.0044
199505,0.028999999999999998,-0.0253,0.022799999999999997,0.0054
199506,0.027200000000000002,0.0317,-0.0254,0.004699999999999999
199507,0.0371,0.0209,-0.0158,0.0045000000000000005
199508,0.0055000000000000005,0.0131,0.0268,0.004699999999999999
199509,0.0336,-0.0216,-0.0011,0.0043
199510,-0.0151,-0.038,-0.0049,0.004699999999999999
199511,0.039599999999999996,-0.011200000000000002,0.0052,0.0042
199512,0.0104,0.0066,0.0024,0.0049
199601,0.0226,-0.028300000000000002,0.0046,0.0043
199602,0.013300000000000001,0.0179,-0.0105,0.0039000000000000003
199603,0.0074,0.0143,0.0042,0.0039000000000000003
199604,0.0206,0.052000000000000005,-0.0397,0.0046
199605,0.0236,0.032,-0.009000000000000001,0.0042
199606,-0.0113,-0.04,0.0233,0.004
199607,-0.0596,-0.043,0.0519,0.0045000000000000005
199608,0.0277,0.0245,-0.008199999999999999,0.0040999999999999995
199609,0.0501,-0.0102,-0.0274,0.0044
199610,0.0087,-0.043899999999999995,0.048799999999999996,0.0042
199611,0.0625,-0.0404,0.013999999999999999,0.0040999999999999995
199612,-0.017,0.031200000000000002,0.0128,0.0046
199701,0.0496,-0.019299999999999998,-0.0144,0.0045000000000000005
199702,-0.0048,-0.0316,0.056100000000000004,0.0039000000000000003
199703,-0.050199999999999995,-0.0033,0.0339,0.0043
199704,0.0404,-0.0574,0,0.0043
199705,0.0673,0.0512,-0.041100000000000005,0.0049
199706,0.040999999999999995,0.0121,0.0144,0.0037
199707,0.0731,-0.0273,0.0013,0.0043
199708,-0.040999999999999995,0.07150000000000001,0.0113,0.0040999999999999995
199709,0.053399999999999996,0.0254,0.0024,0.0044
199710,-0.038,-0.0070999999999999995,0.0233,0.0042
199711,0.029900000000000003,-0.051100000000000007,0.012199999999999999,0.0039000000000000003
199712,0.013300000000000001,-0.0248,0.0374,0.0048
199801,0.0015,-0.0101,-0.0168,0.0043
199802,0.0703,0.0013,-0.009300000000000001,0.0039000000000000003
199803,0.047599999999999996,-0.011899999999999999,0.0138,0.0039000000000000003
199804,0.0074,6e-4,0.0103,0.0043
199805,-0.030699999999999998,-0.034,0.0341,0.004
199806,0.0319,-0.0317,-0.0203,0.0040999999999999995
199807,-0.0242,-0.0483,-0.0183,0.004
199808,-0.1605,-0.0547,0.035699999999999996,0.0043
199809,0.061900000000000004,-2e-4,-0.0351,0.0046
199810,0.0698,-0.0298,-0.0233,0.0032
199811,0.060700000000000004,0.0126,-0.032400000000000005,0.0031
199812,0.061500000000000006,-0.0046,-0.0425,0.0038
199901,0.0348,0.0067,-0.0446,0.0034999999999999996
199902,-0.0408,-0.0602,0.0195,0.0034999999999999996
199903,0.0348,-0.0384,-0.026099999999999998,0.0043
199904,0.0434,0.038900000000000004,0.024,0.0037
199905,-0.0246,0.0332,0.024900000000000002,0.0034000000000000002
199906,0.04769999999999999,0.0323,-0.0322,0.004
199907,-0.0349,0.0248,-0.0018,0.0038
199908,-0.0137,-0.0095,-0.019299999999999998,0.0039000000000000003
199909,-0.0277,0.031200000000000002,-0.028999999999999998,0.0039000000000000003
199910,0.060899999999999996,-0.0694,-0.0288,0.0039000000000000003
199911,0.0341,0.0687,-0.0565,0.0036
199912,0.0766,0.06559999999999999,-0.0766,0.0044
200001,-0.047400000000000005,0.0516,-0.011200000000000002,0.0040999999999999995
200002,0.0246,0.2125,-0.0977,0.0043
200003,0.0521,-0.1741,0.085,0.004699999999999999
200004,-0.0639,-0.06,0.0645,0.0046
200005,-0.043899999999999995,-0.0608,0.045899999999999996,0.005
200006,0.046799999999999994,0.12710000000000002,-0.08039999999999999,0.004
200007,-0.0248,-0.028399999999999998,0.0806,0.0048
200008,0.0703,-0.005,-0.0137,0.005
200009,-0.054400000000000004,-0.0174,0.0724,0.0051
200010,-0.0278,-0.0385,0.0558,0.005600000000000001
200011,-0.107,-0.0308,0.12240000000000001,0.0051
200012,0.0118,0.008199999999999999,0.0755,0.005
200101,0.0325,0.0641,-0.050499999999999996,0.0054
200102,-0.1003,-0.006500000000000001,0.1223,0.0038
200103,-0.0725,0.0026,0.0647,0.0042
200104,0.0793,0.005,-0.0464,0.0039000000000000003
200105,0.0068000000000000005,0.0248,0.0338,0.0032
200106,-0.0194,0.0635,-0.0126,0.0028000000000000004
200107,-0.0213,-0.0405,0.0495,0.003
200108,-0.064,0.0219,0.0286,0.0031
200109,-0.0924,-0.0623,0.0152,0.0028000000000000004
200110,0.0248,0.07490000000000001,-0.0731,0.0022
200111,0.0753,-0.005699999999999999,0.0217,0.0017000000000000001
200112,0.0161,0.0472,0.0083,0.0015
200201,-0.0144,0.011699999999999999,0.0342,0.0014000000000000002
200202,-0.023,-0.0108,0.023399999999999997,0.0013
200203,0.0424,0.0409,0.0108,0.0013
200204,-0.0521,0.0582,0.0401,0.0015
200205,-0.013600000000000001,-0.0327,0.0152,0.0014000000000000002
200206,-0.0723,0.0408,0.0037,0.0013
200207,-0.0819,-0.0525,-0.0351,0.0015
200208,0.005,-0.027999999999999997,0.0301,0.0014000000000000002
200209,-0.10339999999999999,0.0242,0.0126,0.0014000000000000002
200210,0.0784,-0.034,-0.037599999999999995,0.0014000000000000002
200211,0.0596,0.0326,-0.0116,0.0012
200212,-0.0576,-4e-4,0.021099999999999997,0.0011
200301,-0.025699999999999997,0.0134,-0.0079,0.001
200302,-0.018799999999999997,-0.0044,-0.013600000000000001,9e-4
200303,0.0109,0.011699999999999999,-0.021099999999999997,0.001
200304,0.0818,0.0076,0.012199999999999999,0.001
200305,0.0605,0.0461,0.006999999999999999,9e-4
200306,0.014199999999999999,0.017,0.0014000000000000002,0.001
200307,0.0233,0.0493,-0.015300000000000001,7.000000000000001e-4
200308,0.0233,0.024399999999999998,0.016399999999999998,7.000000000000001e-4
200309,-0.0124,0.0085,0.0014000000000000002,8e-4
200310,0.0608,0.0259,0.022099999999999998,7.000000000000001e-4
200311,0.013500000000000002,0.0206,0.0172,7.000000000000001e-4
200312,0.0429,-0.0268,0.0151,8e-4
200401,0.0215,0.0254,0.0242,7.000000000000001e-4
200402,0.013999999999999999,-0.015700000000000002,0.0095,6e-4
200403,-0.0132,0.0173,0.0023,9e-4
200404,-0.0181,-0.0173,-0.0323,8e-4
200405,0.0118,-0.0023,-0.0018,6e-4
200406,0.018500000000000003,0.0225,0.0121,8e-4
200407,-0.0404,-0.037599999999999995,0.0322,0.001
200408,7.000000000000001e-4,-0.0152,0.0108,0.0011
200409,0.016,0.0301,-5e-4,0.0011
200410,0.014199999999999999,0.0013,-0.0026,0.0011
200411,0.0453,0.0374,0.015700000000000002,0.0015
200412,0.0342,-3e-4,-0.0023,0.0016
200501,-0.0275,-0.0166,0.0206,0.0016
200502,0.018799999999999997,-0.005699999999999999,0.0141,0.0016
200503,-0.0194,-0.0141,0.0207,0.0021
200504,-0.026099999999999998,-0.0393,5e-4,0.0021
200505,0.0365,0.0286,-0.0058,0.0024
200506,0.0058,0.0256,0.027999999999999997,0.0023
200507,0.0392,0.0287,-0.0078000000000000005,0.0024
200508,-0.012,-0.010700000000000001,0.0134,0.003
200509,0.0048,-0.0062,0.0078000000000000005,0.0029
200510,-0.0204,-0.013000000000000001,0.0043,0.0027
200511,0.0361,0.0105,-0.011899999999999999,0.0031
200512,-0.0024,-0.0044,0.0015,0.0032
200601,0.030299999999999997,0.0546,0.009899999999999999,0.0034999999999999996
200602,-0.003,-0.0040999999999999995,-0.0031,0.0034000000000000002
200603,0.0147,0.0339,0.0060999999999999995,0.0037
200604,0.0073,-0.0138,0.0226,0.0036
200605,-0.0356,-0.0301,0.023799999999999998,0.0043
200606,-0.0034999999999999996,-0.0034999999999999996,0.0085,0.004
200607,-0.0077,-0.0395,0.0262,0.004
200608,0.0203,0.009899999999999999,-0.0195,0.0042
200609,0.0184,-0.013000000000000001,6e-4,0.0040999999999999995
200610,0.0322,0.0177,-0.0033,0.0040999999999999995
200611,0.017,0.0063,4e-4,0.0042
200612,0.0085,-0.0116,0.0274,0.004
200701,0.0138,9e-4,-0.0068000000000000005,0.0044
200702,-0.0196,0.0123,-8e-4,0.0038
200703,0.0070999999999999995,9e-4,-0.0088,0.0043
200704,0.0349,-0.022099999999999998,-0.0144,0.0044
200705,0.0323,0.0016,-0.0059,0.0040999999999999995
200706,-0.0196,0.0073,-0.0105,0.004
200707,-0.037200000000000004,-0.026600000000000002,-0.0368,0.004
200708,0.009399999999999999,-0.0011,-0.0187,0.0042
200709,0.0322,-0.0225,-0.0217,0.0032
200710,0.0179,0.0019,-0.0287,0.0032
200711,-0.048,-0.0281,-0.0109,0.0034000000000000002
200712,-0.0087,0.0011,-0.0051,0.0027
200801,-0.0633,-0.0102,0.04,0.0021
200802,-0.030899999999999997,-0.0048,-0.0072,0.0013
200803,-0.009399999999999999,0.0070999999999999995,0.0031,0.0017000000000000001
200804,0.0461,-0.0169,-0.0096,0.0018
200805,0.0187,0.0297,-0.015,0.0018
200806,-0.0843,0.0115,-0.025099999999999997,0.0017000000000000001
200807,-0.0075,0.026000000000000002,0.052000000000000005,0.0015
200808,0.015300000000000001,0.034,0.0152,0.0013
200809,-0.0935,-0.010700000000000001,0.056600000000000004,0.0015
200810,-0.172,-0.0231,-0.0189,8e-4
200811,-0.0774,-0.0301,-0.0621,3e-4
200812,0.0177,0.0352,5e-4,0
200901,-0.0809,4e-4,-0.11019999999999999,0
200902,-0.1014,0.0014000000000000002,-0.066,1e-4
200903,0.0901,-0.001,0.0348,2e-4
200904,0.1017,0.054000000000000006,0.0538,1e-4
200905,0.0521,-0.0241,0.0040999999999999995,0
200906,0.0042,0.0258,-0.0276,1e-4
200907,0.0774,0.0175,0.0489,1e-4
200908,0.0333,-0.011200000000000002,0.076,1e-4
200909,0.0408,0.024300000000000002,0.0115,1e-4
200910,-0.0253,-0.0426,-0.0417,0
200911,0.056299999999999996,-0.025,-0.0033,0
200912,0.027999999999999997,0.0601,-0.0011,1e-4
201001,-0.0335,0.0043,0.0033,0
201002,0.0339,0.0118,0.0318,0
201003,0.063,0.0146,0.0219,1e-4
201004,0.0199,0.0484,0.0296,1e-4
201005,-0.079,0.0013,-0.0248,1e-4
201006,-0.0556,-0.0179,-0.0473,1e-4
201007,0.0692,0.0022,-0.005,1e-4
201008,-0.0478,-0.0301,-0.0173,1e-4
201009,0.0955,0.0382,-0.0302,1e-4
201010,0.0387,0.0108,-0.0246,1e-4
201011,0.0059,0.036699999999999997,-0.009000000000000001,1e-4
201012,0.0682,0.0072,0.0356,1e-4
201101,0.019799999999999998,-0.0229,0.0060999999999999995,1e-4
201102,0.0348,0.015,0.0118,1e-4
201103,0.0045000000000000005,0.024900000000000002,-0.0184,1e-4
201104,0.028999999999999998,-0.0042,-0.024399999999999998,0
201105,-0.0127,-0.0073,-0.018500000000000003,0
201106,-0.0174,-0.0027,-0.002,0
201107,-0.0235,-0.011699999999999999,-0.0091,0
201108,-0.0596,-0.0296,-0.024300000000000002,1e-4
201109,-0.0758,-0.031200000000000002,-0.015300000000000001,0
201110,0.1133,0.0305,6e-4,0
201111,-0.0027,-0.0018,-0.0052,0
201112,0.0075,-0.005600000000000001,0.0154,0
201201,0.050499999999999996,0.020099999999999996,-0.009300000000000001,0
201202,0.044199999999999996,-0.0184,0.0042,0
201203,0.031200000000000002,-0.0063,0.011899999999999999,0
201204,-0.0085,-0.0037,-0.0077,0
201205,-0.0617,0.0012,-0.0095,1e-4
201206,0.038900000000000004,0.0072,0.0055000000000000005,0
201207,0.0079,-0.0276,-6e-4,0
201208,0.0254,0.005,0.0123,1e-4
201209,0.0273,0.0045000000000000005,0.016200000000000003,1e-4
201210,-0.0176,-0.0109,0.0352,1e-4
201211,0.0078000000000000005,0.006,-0.0086,1e-4
201212,0.0118,0.015,0.0348,1e-4
201301,0.0557,0.0029,0.0101,0
201302,0.0128,-0.003,0.0021,0
201303,0.0404,0.0083,-0.0022,0
201304,0.015600000000000001,-0.023700000000000002,0.0044,0
201305,0.027999999999999997,0.017,0.026699999999999998,0
201306,-0.012,0.0131,-5e-4,0
201307,0.0565,0.0181,0.0058,0
201308,-0.0271,0.0032,-0.0273,0
201309,0.0377,0.028900000000000002,-0.0118,0
201310,0.0417,-0.015600000000000001,0.012199999999999999,0
201311,0.0311,0.0131,0.0019,0
201312,0.0281,-0.0044,0,0
201401,-0.0332,0.009300000000000001,-0.0199,0
201402,0.0466,0.0036,-0.0034999999999999996,0
201403,0.0043,-0.018600000000000002,0.049,0
201404,-0.0018,-0.0418,0.012199999999999999,0
201405,0.020499999999999997,-0.018500000000000003,-0.001,0
201406,0.026000000000000002,0.0305,-0.0070999999999999995,0
201407,-0.0203,-0.0418,-8e-4,0
201408,0.0424,0.0040999999999999995,-0.005699999999999999,0
201409,-0.0196,-0.0359,-0.0147,0
201410,0.025099999999999997,0.0405,-0.0163,0
201411,0.0256,-0.020499999999999997,-0.0313,0
201412,-5e-4,0.0253,0.0212,0
201501,-0.031,-0.0059,-0.0345,0
201502,0.0613,0.0060999999999999995,-0.0179,0
201503,-0.0111,0.0305,-0.0038,0
201504,0.0059,-0.029900000000000003,0.018000000000000002,0
201505,0.0137,0.0095,-0.0111,0
201506,-0.0152,0.0294,-0.008199999999999999,0
201507,0.015700000000000002,-0.0417,-0.0416,0
201508,-0.0602,0.0037,0.0275,0
201509,-0.030600000000000002,-0.0263,0.0055000000000000005,0
201510,0.0775,-0.019,-0.004699999999999999,0
201511,0.005699999999999999,0.0358,-0.0043,0
201512,-0.0215,-0.027999999999999997,-0.025699999999999997,1e-4
201601,-0.0574,-0.034,0.0208,1e-4
201602,-6e-4,0.0073,-0.0060999999999999995,2e-4
201603,0.0695,0.0075,0.012199999999999999,2e-4
201604,0.0092,0.0077,0.0322,1e-4
201605,0.0178,-0.0018,-0.016200000000000003,1e-4
201606,-3e-4,0.006,-0.0149,2e-4
201607,0.0394,0.0245,-0.0124,2e-4
201608,0.0049,0.011699999999999999,0.0317,2e-4
201609,0.0027,0.0208,-0.011899999999999999,2e-4
201610,-0.020099999999999996,-0.043899999999999995,0.041100000000000005,2e-4
201611,0.048600000000000004,0.055999999999999994,0.08289999999999999,1e-4
201612,0.0181,0.0014000000000000002,0.0347,3e-4
201701,0.0194,-0.0116,-0.0276,4e-4
201702,0.0355,-0.0215,-0.015,4e-4
201703,0.0017000000000000001,0.0113,-0.0333,3e-4
201704,0.0108,0.0066,-0.020499999999999997,5e-4
201705,0.010700000000000001,-0.0252,-0.0382,6e-4
201706,0.0079,0.022099999999999998,0.015,6e-4
201707,0.018799999999999997,-0.014499999999999999,-0.0023,7.000000000000001e-4
201708,0.0018,-0.0167,-0.0213,9e-4
201709,0.024900000000000002,0.044500000000000005,0.0315,9e-4
201710,0.0226,-0.019299999999999998,0.0013,9e-4
201711,0.031200000000000002,-0.006,-9e-4,8e-4
201712,0.0106,-0.0132,5e-4,9e-4
201801,0.0558,-0.0316,-0.0132,0.0011
201802,-0.0364,0.0027,-0.011000000000000001,0.0011
201803,-0.0235,0.0405,-0.0021,0.0012
201804,0.0027,0.0109,0.0053,0.0014000000000000002
201805,0.026600000000000002,0.0524,-0.031400000000000004,0.0014000000000000002
201806,0.0049,0.0111,-0.0233,0.0014000000000000002
201807,0.032,-0.0223,0.0049,0.0016
201808,0.0345,0.011399999999999999,-0.0391,0.0016
201809,6e-4,-0.0229,-0.016200000000000003,0.0015
201810,-0.0765,-0.047,0.0338,0.0019
201811,0.0171,-0.0073,0.0036,0.0018
201812,-0.0955,-0.0231,-0.0192,0.0019
201901,0.0837,0.0276,-0.0039000000000000003,0.0021
201902,0.0342,0.020499999999999997,-0.026600000000000002,0.0018
201903,0.011000000000000001,-0.030299999999999997,-0.0414,0.0019
201904,0.0397,-0.0174,0.0213,0.0021
201905,-0.0692,-0.0126,-0.0245,0.0021
201906,0.0699,0.0011,-0.0064,0.0018
201907,0.0123,-0.0196,0.005,0.0019
201908,-0.0255,-0.0239,-0.04769999999999999,0.0016
201909,0.0141,-0.0097,0.0676,0.0018
201910,0.0207,0.0027,-0.0192,0.0015
201911,0.0387,0.0072,-0.02,0.0012
201912,0.0277,0.0076,0.0173,0.0014000000000000002
202001,-0.0011,-0.031,-0.0622,0.0013
202002,-0.0815,0.0108,-0.0382,0.0012
202003,-0.13369999999999999,-0.046900000000000004,-0.1383,0.0012
202004,0.136,0.025,-0.0134,0
202005,0.0557,0.024,-0.05,1e-4
202006,0.0245,0.026699999999999998,-0.0217,1e-4
202007,0.0583,-0.0235,-0.0144,1e-4
202008,0.0762,-0.002,-0.0302,1e-4
202009,-0.0364,6e-4,-0.027200000000000002,1e-4
202010,-0.0208,0.0434,0.0425,1e-4
202011,0.1245,0.0581,0.0209,1e-4
202012,0.0463,0.0501,-0.0168,1e-4
202101,-7.000000000000001e-4,0.07139999999999999,0.0322,0
202102,0.0281,0.0202,0.07200000000000001,0
202103,0.0317,-0.0233,0.0735,0
202104,0.0495,-0.0319,-0.0102,0
202105,0.003,-0.002,0.0704,0
202106,0.0274,0.017,-0.0786,0
202107,0.0134,-0.0393,-0.0179,0
202108,0.0294,-0.0032,-0.0023,0
202109,-0.044000000000000004,0.0066,0.0512,0
202110,0.0663,-0.0226,-0.0053,0
202111,-0.0158,-0.0131,-0.0037,0
202112,0.0323,-0.0163,0.0325,1e-4
202201,-0.0616,-0.0593,0.1286,0
202202,-0.022799999999999997,0.0216,0.030600000000000002,0
202203,0.0308,-0.0155,-0.019,0
202204,-0.0941,-0.013500000000000002,0.061799999999999994,0
202205,-0.0034000000000000002,-0.0184,0.08439999999999999,3e-4
202206,-0.084,0.0207,-0.06,6e-4
202207,0.09570000000000001,0.028399999999999998,-0.0415,8e-4
202208,-0.0377,0.0141,0.0018,0.0019
202209,-0.0934,-0.0076,3e-4,0.0019
202210,0.0785,1e-4,0.0797,0.0023
202211,0.04650000000000001,-0.035699999999999996,0.0148,0.0029
202212,-0.0638,-0.0076,0.0134,0.0033
202301,0.0661,0.0501,-0.0394,0.0034999999999999996
202302,-0.025699999999999997,0.0105,-0.008,0.0034000000000000002
202303,0.0248,-0.0548,-0.09050000000000001,0.0036
202304,0.0062,-0.0337,-0.0012,0.0034999999999999996
202305,0.0034000000000000002,0.016,-0.0779,0.0036
202306,0.0646,0.0149,-0.0013,0.004
202307,0.0321,0.021400000000000002,0.04019999999999999,0.0045000000000000005
202308,-0.0236,-0.0304,-0.0129,0.0045000000000000005
202309,-0.052300000000000006,-0.024700000000000003,0.0147,0.0043
202310,-0.0315,-0.038599999999999995,0.0021,0.004699999999999999
202311,0.0888,-0.0014000000000000002,0.0178,0.0044
202312,0.048499999999999995,0.06280000000000001,0.049400000000000006,0.0043
202401,0.0073,-0.050499999999999996,-0.0236,0.004699999999999999
202402,0.0507,-0.0022,-0.0347,0.0042
202403,0.028399999999999998,-0.0248,0.0414,0.0043
202404,-0.04650000000000001,-0.023700000000000002,-0.005,0.004699999999999999
202405,0.0433,0.005600000000000001,-0.013500000000000002,0.0044
202406,0.027999999999999997,-0.0302,-0.0331,0.0040999999999999995
202407,0.012199999999999999,0.0679,0.055999999999999994,0.0045000000000000005
202408,0.016,-0.035,-0.011000000000000001,0.0048
202409,0.0172,-0.0012,-0.0277,0.004
202410,-0.01,-0.0096,0.0089,0.0039000000000000003
202411,0.0649,0.0454,0.0029,0.004
202412,-0.0317,-0.027000000000000003,-0.0298,0.0037
202501,0.027999999999999997,-0.0195,0.0166,0.0037
202502,-0.024399999999999998,-0.057800000000000004,0.048799999999999996,0.0033
202503,-0.0639,-0.0274,0.0294,0.0034000000000000002
202504,-0.0084,-0.0054,-0.0336,0.0034999999999999996
202505,0.060599999999999994,0.0067,-0.0296,0.0038
202506,0.048600000000000004,0.008,-0.0166,0.0034000000000000002
202507,0.019799999999999998,0.003,-0.0132,0.0034000000000000002
202508,0.0184,0.038,0.0446,0.0038
202509,0.0339,-0.019,-0.009399999999999999,0.0033
202510,0.0196,-0.008199999999999999,-0.027999999999999997,0.0037
202511,-0.0013,0.0054,0.035699999999999996,0.003
202512,-0.0036,-0.0103,0.0236,0.0034000000000000002
202601,0.0103,0.0212,0.0385,0.003
202602,-0.011699999999999999,0.0024,0.0264,0.0028000000000000004
202603,-0.0518,0.0044,0.0335,0.0029
